route,stop_num,name,direction
1,1,УлицаТруфанова,f
1,2,ПроспектДзержинского,f
1,3,УлицаПионерская,f
1,4,УлицаУрицкого,f
1,5,Домодежды,f
1,6,Жилойкомплекс«Октябрь»,f
1,7,УлицаУрицкого,f
1,8,УлицаЕленыКолесовой,f
1,9,Областнаядетскаяклиническаябольница,f
1,10,Сельхозакадемия,f
1,11,ПарижскаяКоммуна,f
1,12,Техуглерод,f
1,13,Лакокраска,f
1,14,НИИМСК,f
1,15,ЯМЗ,f
1,16,Областнаяонкологическаябольница,f
1,17,ПлощадьКарлаМаркса,f
1,18,УлицаПобеды,f
1,19,УлицаРеспубликанская,f
1,20,Краснаяплощадь,f
1,21,ПлощадьВолкова,f
1,22,УлицаКомсомольская,f
1,23,УлицаБольшаяФедоровская,f
1,24,Выемка,f
1,25,Московскийвокзал,f
1,26,ЖК«ЯрославльСити»,f
1,27,Автовокзал,f
1,28,Техническийуниверситет,f
1,29,Арена-2000,f
1,30,УлицаПавлова,f
1,31,Крестобогородская,f
1,32,УлицаКалинина,f
1,33,Новоселки,f
1,34,Новоселки,b
1,35,УлицаКалинина,b
1,36,Крестобогородская,b
1,37,УлицаСлепнева,b
1,38,Арена-2000,b
1,39,Техническийуниверситет,b
1,40,Автовокзал,b
1,41,Московскийвокзал,b
1,42,Выемка,b
1,43,УлицаБольшаяФедоровская,b
1,44,УлицаПервомайская,b
1,45,ПлощадьВолкова,b
1,46,Краснаяплощадь,b
1,47,УлицаРеспубликанская,b
1,48,УлицаПобеды,b
1,49,ПлощадьКарлаМаркса,b
1,50,Областнаяонкологическаябольница,b
1,51,ЯМЗ,b
1,52,НИИМСК,b
1,53,Лакокраска,b
1,54,Техуглерод,b
1,55,ПарижскаяКоммуна,b
1,56,Сельхозакадемия,b
1,57,Областнаядетскаяклиническаябольница,b
1,58,УлицаЕленыКолесовой,b
1,59,Жилойкомплекс«Октябрь»,b
1,60,Домодежды,b
1,61,УлицаУрицкого,b
1,62,ПроспектДзержинского,b
1,63,КинотеатрПобеда,b
1,64,УлицаТруфанова,b
2,1,Бытовыетовары,f
2,2,УлицаРыкачева,f
2,3,УлицаМенделеева,f
2,4,Спорткомплекс«Атлант»,f
2,5,Больничныйгородок,f
2,6,Арена-2000,f
2,7,УлицаГагарина,f
2,8,Техническийуниверситет,f
2,9,Автовокзал,f
2,10,Московскийвокзал,f
2,11,Выемка,f
2,12,УлицаБольшаяФедоровская,f
2,13,УлицаПервомайская,f
2,14,Краснаяплощадь,f
2,15,Кинотеатр«Родина»,f
2,16,ПроспектЛенина,f
2,17,ПроспектЛенина,b
2,18,Кинотеатр«Родина»,b
2,19,Краснаяплощадь,b
2,20,ПлощадьВолкова,b
2,21,УлицаКомсомольская,b
2,22,УлицаБольшаяФедоровская,b
2,23,Выемка,b
2,24,Московскийвокзал,b
2,25,ЖК«ЯрославльСити»,b
2,26,Автовокзал,b
2,27,Техническийуниверситет,b
2,28,УлицаГагарина,b
2,29,Больничныйгородок,b
2,30,Спорткомплекс«Атлант»,b
2,31,УлицаМенделеева,b
2,32,Бытовыетовары,b
2К,1,Спорткомплекс«Атлант»,f
2К,2,УлицаМенделеева,f
2К,3,УлицаНефтяников,f
2К,4,Хлебозавод№2,f
2К,5,Стройучасток№2,f
2К,6,ЖБК,f
2К,7,Трест№7,f
2К,8,Базаоборудования,f
2К,9,ТСБ,f
2К,10,Битумныйзавод,f
2К,11,Яртехуглерод,f
2К,12,ТЭЦ-3,f
2К,13,ТЭЦ-3,b
2К,14,Яртехуглерод,b
2К,15,Битумныйзавод,b
2К,16,ТСБ,b
2К,17,Базаоборудования,b
2К,18,Трест№7,b
2К,19,ЖБК,b
2К,20,Стройучасток№2,b
2К,21,Хлебозавод№2,b
2К,22,УлицаРыкачева,b
2К,23,УлицаМенделеева,b
2К,24,Спорткомплекс«Атлант»,b
2К,25,Больничныйгородок,b
2К,26,Арена-2000,b
4,1,Школа№88,f
4,2,УлицаПирогова,f
4,3,УлицаИндустриальная,f
4,4,Радиозавод,f
4,5,Больница№2,f
4,6,Нефтебаза,f
4,7,УлицаСпортивная,f
4,8,УлицаКорабельная,f
4,9,УлицаИльинская,f
4,10,Таксопарк,f
4,11,Шпалозавод,f
4,12,Стройдеталь,f
4,13,Речнойпорт,f
4,14,Вишняки,f
4,15,УлицаМельничная,f
4,16,УлицаМалаяПролетарская,f
4,17,УлицаПервомайская,f
4,18,Знаменскаябашня,f
4,19,ПлощадьЮности,f
4,20,ПлощадьТруда,f
4,21,ПроспектТолбухина,f
4,22,Жилойкомплекс«Династия»,f
4,23,Полиграфкомбинат,f
4,24,Полиграфкомбинат,b
4,25,Жилойкомплекс«Династия»,b
4,26,ПроспектТолбухина,b
4,27,ПлощадьТруда,b
4,28,ПлощадьЮности,b
4,29,УлицаКомсомольская,b
4,30,УлицаМалаяПролетарская,b
4,31,УлицаМельничная,b
4,32,Вишняки,b
4,33,Речнойпорт,b
4,34,Стройдеталь,b
4,35,Шпалозавод,b
4,36,Таксопарк,b
4,37,УлицаИльинская,b
4,38,УлицаКорабельная,b
4,39,УлицаСпортивная,b
4,40,Нефтебаза,b
4,41,Больница№2,b
4,42,Радиозавод,b
4,43,УлицаИндустриальная,b
4,44,УлицаПирогова,b
4,45,Школа№88,b
4А,1,УлицаМалаяПролетарская,f
4А,2,УлицаМельничная,f
4А,3,Вишняки,f
4А,4,Речнойпорт,f
4А,5,Стройдеталь,f
4А,6,Шпалозавод,f
4А,7,Таксопарк,f
4А,8,УлицаИльинская,f
4А,9,УлицаКорабельная,f
4А,10,УлицаСпортивная,f
4А,11,УлицаСветлая,f
4А,12,УлицаПроектируемая,f
4А,13,Больница№2,f
4А,14,УлицаПирогова,f
4А,15,УлицаИндустриальная,f
4А,16,Радиозавод,f
4А,17,Радиозавод,b
4А,18,улицаИндустриальная,b
4А,19,улицаПирогова,b
4А,20,Больница№2,b
4А,21,УлицаПроектируемая,b
4А,22,УлицаСветлая,b
4А,23,УлицаСпортивная,b
4А,24,УлицаКорабельная,b
4А,25,УлицаИльинская,b
4А,26,Таксопарк,b
4А,27,Шпалозавод,b
4А,28,Стройдеталь,b
4А,29,Речнойпорт,b
4А,30,Вишняки,b
4А,31,УлицаМельничная,b
4А,32,УлицаМалаяПролетарская,b
4К,1,УлицаМалаяПролетарская,f
4К,2,УлицаМельничная,f
4К,3,Вишняки,f
4К,4,Речнойпорт,f
4К,5,Стройдеталь,f
4К,6,Шпалозавод,f
4К,7,Таксопарк,f
4К,8,УлицаИльинская,f
4К,9,УлицаКорабельная,f
4К,10,УлицаКорабельная,b
4К,11,УлицаИльинская,b
4К,12,Таксопарк,b
4К,13,Шпалозавод,b
4К,14,Стройдеталь,b
4К,15,Речнойпорт,b
4К,16,Вишняки,b
4К,17,УлицаМельничная,b
4К,18,УлицаМалаяПролетарская,b
5,1,УлицаПервомайская,f
5,2,Краснаяплощадь,f
5,3,УлицаРеспубликанская,f
5,4,УлицаПобеды,f
5,5,ПлощадьКарлаМаркса,f
5,6,Областнаяонкологическаябольница,f
5,7,ЯМЗ,f
5,8,НИИМСК,f
5,9,Лакокраска,f
5,10,Техуглерод,f
5,11,ТЦ«Омега»,f
5,12,Трамвайноедепо,f
5,13,УлицаЕленыКолесовой,f
5,14,УлицаУрицкого,f
5,15,ПроспектДзержинского,f
5,16,Пельменная,f
5,17,УлицаГромова,f
5,18,УлицаГромова,b
5,19,Пельменная,b
5,20,ПроспектДзержинского,b
5,21,УлицаПионерская,b
5,22,УлицаУрицкого,b
5,23,Трамвайноедепо,b
5,24,ТЦ«Омега»,b
5,25,Торгово-развлекательныйкомплекс«РИО»,b
5,26,Лакокраска,b
5,27,НИИМСК,b
5,28,ЯМЗ,b
5,29,Областнаяонкологическаябольница,b
5,30,ПлощадьКарлаМаркса,b
5,31,УлицаПобеды,b
5,32,УлицаРеспубликанская,b
5,33,Краснаяплощадь,b
5,34,площадьВолкова,b
5,35,улицаКомсомольская,b
5А,1,УлицаПервомайская,f
5А,2,Краснаяплощадь,f
5А,3,УлицаРеспубликанская,f
5А,4,УлицаПобеды,f
5А,5,ПлощадьКарлаМаркса,f
5А,6,Институт,f
5А,7,УлицаЧехова,f
5А,8,УлицаБелинского,f
5А,9,УлицаЖукова,f
5А,10,УлицаДобрынина,f
5А,11,УлицаЖукова,b
5А,12,УлицаБелинского,b
5А,13,УлицаЧехова,b
5А,14,Институт,b
5А,15,ПлощадьКарлаМаркса,b
5А,16,УлицаПобеды,b
5А,17,УлицаРеспубликанская,b
5А,18,Краснаяплощадь,b
5А,19,площадьВолкова,b
5А,20,улицаКомсомольская,b
5Б,1,Школа№56,f
5Б,2,14МКР,f
5Б,3,УлицаВолгоградская,f
5Б,4,6МКР,f
5Б,5,УлицаПанина,f
5Б,6,ПроспектДзержинского,f
5Б,7,Пельменная,f
5Б,8,УлицаГромова,f
5Б,9,УлицаГромова,b
5Б,10,Пельменная,b
5Б,11,ПроспектДзержинского,b
5Б,12,ПроспектДзержинского,b
5Б,13,УлицаПанина,b
5Б,14,6МКР,b
5Б,15,УлицаВолгоградская,b
5Б,16,14МКР,b
5Б,17,Школа№56,b
6,1,УлицаВоинова,f
6,2,ПлощадьКарлаМаркса,f
6,3,Областнаяонкологическаябольница,f
6,4,ЯМЗ,f
6,5,НИИМСК,f
6,6,Лакокраска,f
6,7,Техуглерод,f
6,8,ПарижскаяКоммуна,f
6,9,Сельхозакадемия,f
6,10,Областнаядетскаяклиническаябольница,f
6,11,УлицаЕленыКолесовой,f
6,12,УлицаУрицкого,f
6,13,Павловскийпарк,f
6,14,Поликлиника№5,f
6,15,Мостоотряд,f
6,16,Яблоневыйпосад,f
6,17,Больница№9,f
6,18,12МКР,f
6,19,УлицаПашуковская,f
6,20,Фабрика«КрасныйПеревал»,f
6,21,ЖК«Норскиерезиденции»,f
6,22,УлицаРомановская,f
6,23,Школа№17,b
6,24,УлицаКрасноперевальская,b
6,25,РекаНора,b
6,26,УлицаКуропаткова,b
6,27,Троицкаяаптека,b
6,28,Фабрика«КрасныйПеревал»,b
6,29,УлицаПашуковская,b
6,30,12МКР,b
6,31,Больница№9,b
6,32,ЯблоневыйПосад,b
6,33,Мостоотряд,b
6,34,Поликлиника№5,b
6,35,Павловскийпарк,b
6,36,УлицаЕленыКолесовой,b
6,37,Областнаядетскаяклиническаябольница,b
6,38,Сельхозакадемия,b
6,39,ПарижскаяКоммуна,b
6,40,Техуглерод,b
6,41,Лакокраска,b
6,42,НИИМСК,b
6,43,ЯМЗ,b
6,44,Областнаяонкологическаябольница,b
6,45,ПлощадьКарлаМаркса,b
6,46,УлицаВоинова,b
6,47,ПроспектЛенина,b
7,1,УлицаЗакгейма,f
7,2,Домколлектива,f
7,3,УлицаМаланова,f
7,4,Комсомольскаяплощадь,f
7,5,УлицаЗеленцовская,f
7,6,УлицаКарабулина,f
7,7,УлицаБольшаяОктябрьская,f
7,8,УлицаСвободы,f
7,9,Юбилейнаяплощадь,f
7,10,ПлощадьКарлаМаркса,f
7,11,Областнаяонкологическаябольница-ЯМЗ,f
7,12,НИИМСК,f
7,13,Лакокраска,f
7,14,Техуглерод,f
7,15,ТЦ«Омега»,f
7,16,Трамвайноедепо,f
7,17,УлицаЕленыКолесовой,f
7,18,УлицаУрицкого,f
7,19,УлицаПионерская,f
7,20,ПроспектДзержинского,f
7,21,УлицаПанина,f
7,22,6МКР,f
7,23,УлицаВолгоградская,f
7,24,14МКР,f
7,25,Школа№56,f
7,26,Школа56,b
7,27,14МКР,b
7,28,УлицаВолгоградская,b
7,29,6МКР,b
7,30,УлицаПанина,b
7,31,ПроспектДзержинского,b
7,32,УлицаПионерская,b
7,33,УлицаУрицкого,b
7,34,Трамвайноедепо,b
7,35,ТЦ«Омега»,b
7,36,Торгово-развлекательныйкомплекс«РИО»,b
7,37,Лакокраска,b
7,38,НИИМСК,b
7,39,ЯМЗ-Областнаяонкологическаябольница,b
7,40,ПлощадьКарлаМаркса,b
7,41,Юбилейнаяплощадь,b
7,42,УлицаСвободы,b
7,43,УлицаБольшаяОктябрьская,b
7,44,УлицаКарабулина,b
7,45,УлицаЗеленцовская,b
7,46,Комсомольскаяплощадь,b
7,47,УлицаКрасноперекопская,b
7,48,УлицаБахвалова,b
7,49,УлицаГудованцева,b
8,1,УлицаКалинина,f
8,2,УлицаНьютона,f
8,3,УлицаДоронина,f
8,4,УлицаСлепнева,f
8,5,Школа,f
8,6,Больница№8,f
8,7,УлицаГоголя,f
8,8,Железнодорожнаябольница,f
8,9,Московскийвокзал,f
8,10,Выемка,f
8,11,УлицаБольшаяФедоровская,f
8,12,УлицаПервомайская,f
8,13,ПлощадьЮности,f
8,14,ПлощадьТруда,f
8,15,ПроспектТолбухина,f
8,16,Жилойкомплекс«Династия»,f
8,17,Полиграфкомбинат,f
8,18,ЯрославльГлавный,f
8,19,Полиграфкомбинат,f
8,20,Юныйтехник,f
8,21,Госпиталь,f
8,22,УлицаЖукова,f
8,23,УлицаДобрынина,f
8,24,ЯМЗ,f
8,25,УлицаПромышленная,f
8,26,ЖБК,f
8,27,Автотранспортноепредприятие,f
8,28,УлицаМеханизаторов,f
8,29,УлицаЕленыКолесовой,f
8,30,УлицаУрицкого,f
8,31,УлицаПионерская,f
8,32,ПроспектДзержинского,f
8,33,УлицаПанина,f
8,34,6МКР–УлицаВолгоградская,f
8,35,14МКР,f
8,36,Школа№56,f
8,37,Школа№56,b
8,38,14МКР,b
8,39,УлицаВолгоградская-УлицаПанина,b
8,40,ПроспектДзержинского,b
8,41,УлицаПионерская,b
8,42,УлицаУрицкого,b
8,43,УлицаМеханизаторов,b
8,44,Автотранспортноепредприятие,b
8,45,ЖБК,b
8,46,УлицаПромышленная,b
8,47,ЯМЗ,b
8,48,УлицаЧкалова,b
8,49,УлицаЖукова,b
8,50,Леонтьевскоекладбище(потребованию),b
8,51,Госпиталь,b
8,52,ПроспектЛенина,b
8,53,Полиграфкомбинат,b
8,54,ЯрославльГлавный,b
8,55,Полиграфкомбинат,b
8,56,Жилойкомплекс«Династия»,b
8,57,ПроспектТолбухина,b
8,58,ПлощадьТруда,b
8,59,ПлощадьЮности,b
8,60,УлицаКомсомольская,b
8,61,УлицаБольшаяФедоровская,b
8,62,Выемка,b
8,63,Московскийвокзал,b
8,64,ПроспектФрунзе,b
8,65,Железнодорожнаябольница,b
8,66,УлицаГоголя,b
8,67,Больница№8,b
8,68,Школа,b
8,69,УлицаСлепнева,b
8,70,УлицаДоронина,b
8,71,УлицаНьютона,b
8,72,УлицаКалинина,b
9,1,Полиграфкомбинат,f
9,2,Домобуви,f
9,3,УлицаКудрявцева,f
9,4,Юбилейнаяплощадь,f
9,5,ПлощадьКарлаМаркса,f
9,6,Областнаяонкологическаябольница,f
9,7,ЯМЗ,f
9,8,НИИМСК,f
9,9,Лакокраска,f
9,10,Техуглерод,f
9,11,ТЦ«Омега»,f
9,12,Трамвайноедепо,f
9,13,УлицаЕленыКолесовой,f
9,14,УлицаУрицкого,f
9,15,ПроспектДзержинского,f
9,16,Пельменная,f
9,17,УлицаГромова,f
9,18,Школа№29,f
9,19,УлицаПанина,f
9,20,ЯЗХМ,b
9,21,УлицаГромова,b
9,22,Пельменная,b
9,23,УлицаПионерская,b
9,24,ПроспектДзержинского,b
9,25,УлицаПионерская,b
9,26,УлицаУрицкого,b
9,27,Трамвайноедепо,b
9,28,ТЦ«Омега»,b
9,29,Торгово-развлекательныйкомплекс«РИО»,b
9,30,Лакокраска,b
9,31,НИИМСК,b
9,32,ЯМЗ,b
9,33,Областнаяонкологическаябольница,b
9,34,ПлощадьКарлаМаркса,b
9,35,Юбилейнаяплощадь,b
9,36,УлицаКудрявцева,b
9,37,Магазин«Турист»,b
9,38,Полиграфкомбинат,b
10,1,Школа№56,f
10,2,14МКР,f
10,3,УлицаВолгоградская,f
10,4,6МКР,f
10,5,УлицаПанина,f
10,6,ПроспектДзержинского,f
10,7,УлицаПионерская,f
10,8,УлицаУрицкого,f
10,9,Домодежды,f
10,10,Жилойкомплекс«Октябрь»,f
10,11,УлицаУрицкого,f
10,12,Павловскийпарк,f
10,13,Поликлиника№5,f
10,14,Мостоотряд,f
10,15,Яблоневыйпосад,f
10,16,Больница№9,f
10,17,12МКР,f
10,18,УлицаПашуковская,f
10,19,Фабрика«КрасныйПеревал»,f
10,20,Троицкаяаптека,f
10,21,УлицаКуропаткова,f
10,22,РекаНора,f
10,23,УлицаКрасноперевальская,f
10,24,Школа№17,f
10,25,Школа№17,b
10,26,УлицаКрасноперевальская,b
10,27,РекаНора,b
10,28,УлицаКуропаткова,b
10,29,Троицкаяаптека,b
10,30,Фабрика«КрасныйПеревал»,b
10,31,УлицаПашуковская,b
10,32,12МКР,b
10,33,Больница№9,b
10,34,Яблоневыйпосад,b
10,35,Мостоотряд,b
10,36,Поликлиника№5,b
10,37,Павловскийпарк,b
10,38,Жилойкомплекс«Октябрь»,b
10,39,Домодежды,b
10,40,УлицаУрицкого,b
10,41,УлицаПионерская,b
10,42,ПроспектДзержинского,b
10,43,УлицаПанина,b
10,44,6МКР,b
10,45,УлицаВолгоградская,b
10,46,14МКР,b
10,47,Школа№56,b
11,1,Полиграфкомбинат,f
11,2,Домобуви,f
11,3,УлицаКудрявцева,f
11,4,Юбилейнаяплощадь,f
11,5,ПлощадьКарлаМаркса,f
11,6,Областнаяонкологическаябольница,f
11,7,ЯМЗ,f
11,8,НИИМСК,f
11,9,Лакокраска,f
11,10,Техуглерод,f
11,11,ПарижскаяКоммуна,f
11,12,Сельхозакадемия,f
11,13,Областнаядетскаяклиническаябольница,f
11,14,УлицаЕленыКолесовой,f
11,15,Жилойкомплекс«Октябрь»,f
11,16,Домодежды,f
11,17,УлицаУрицкого,f
11,18,УлицаПионерская,f
11,19,ПроспектДзержинского,f
11,20,УлицаПанина,f
11,21,6МКР,f
11,22,УлицаВолгоградская,f
11,23,14МКР,f
11,24,Школа№56,f
11,25,Школа№56,b
11,26,14МКР,b
11,27,УлицаВолгоградская,b
11,28,6МКР,b
11,29,УлицаПанина,b
11,30,ПроспектДзержинского,b
11,31,УлицаПионерская,b
11,32,УлицаУрицкого,b
11,33,Домодежды,b
11,34,Жилойкомплекс«Октябрь»,b
11,35,УлицаУрицкого,b
11,36,УлицаЕленыКолесовой,b
11,37,Областнаядетскаяклиническаябольница,b
11,38,Сельхозакадемия,b
11,39,ПарижскаяКоммуна,b
11,40,Техуглерод,b
11,41,Лакокраска,b
11,42,НИИМСК,b
11,43,ЯМЗ,b
11,44,Областнаяонкологическаябольница,b
11,45,ПлощадьКарлаМаркса,b
11,46,Юбилейнаяплощадь,b
11,47,УлицаКудрявцева,b
11,48,Магазин«Турист»,b
11,49,Полиграфкомбинат,b
11Т,1,Краснаяплощадь,f
11Т,2,УлицаРеспубликанская,f
11Т,3,УлицаПобеды,f
11Т,4,ПлощадьКарлаМаркса,f
11Т,5,Областнаяонкологическаябольница,f
11Т,6,ЯМЗ,f
11Т,7,НИИМСК,f
11Т,8,Лакокраска,f
11Т,9,Техуглерод,f
11Т,10,ПарижскаяКоммуна,f
11Т,11,Сельхозакадемия,f
11Т,12,Областнаядетскаяклиническаябольница,f
11Т,13,УлицаЕленыКолесовой,f
11Т,14,Жилойкомплекс«Октябрь»,f
11Т,15,Домодежды,f
11Т,16,УлицаУрицкого,f
11Т,17,УлицаПионерская,f
11Т,18,ПроспектДзержинского,f
11Т,19,УлицаПанина,f
11Т,20,6МКР,f
11Т,21,УлицаВолгоградская,f
11Т,22,14МКР,f
11Т,23,Школа№56,f
11Т,24,Школа№56,b
11Т,25,14МКР,b
11Т,26,УлицаВолгоградская,b
11Т,27,6МКР,b
11Т,28,УлицаПанина,b
11Т,29,ПроспектДзержинского,b
11Т,30,УлицаПионерская,b
11Т,31,УлицаУрицкого,b
11Т,32,Домодежды,b
11Т,33,Жилойкомплекс«Октябрь»,b
11Т,34,УлицаУрицкого,b
11Т,35,УлицаЕленыКолесовой,b
11Т,36,Областнаядетскаяклиническаябольница,b
11Т,37,Сельхозакадемия,b
11Т,38,ПарижскаяКоммуна,b
11Т,39,Техуглерод,b
11Т,40,Лакокраска,b
11Т,41,НИИМСК,b
11Т,42,ЯМЗ,b
11Т,43,Областнаяонкологическаябольница,b
11Т,44,ПлощадьКарлаМаркса,b
11Т,45,УлицаПобеды,b
11Т,46,УлицаРеспубликанская,b
11Т,47,Краснаяплощадь,b
11Т,48,ПлощадьВолкова,b
12,1,Школа№51,f
12,2,Улица1-яБольничная,f
12,3,Школа№47,f
12,4,Среднийпоселок,f
12,5,УлицаШоссейная,f
12,6,Университетскийгородок,f
12,7,МедсанчастьЯЗДА,f
12,8,8-йпереулок,f
12,9,Школа№46,f
12,10,Школа№50,f
12,11,УлицаДачная,f
12,12,Октябрьскаяплощадь,f
12,13,УлицаПобеды,f
12,14,УлицаРеспубликанская,f
12,15,Краснаяплощадь,f
12,16,ПлощадьВолкова,f
12,17,Краснаяплощадь,b
12,18,УлицаРеспубликанская,b
12,19,УлицаПобеды,b
12,20,Октябрьскаяплощадь,b
12,21,УлицаДачная,b
12,22,Школа№50,b
12,23,Школа№46,b
12,24,8-йпереулок,b
12,25,МедсанчастьЯЗДА,b
12,26,Университетскийгородок,b
12,27,УлицаШоссейная,b
12,28,Среднийпоселок,b
12,29,Школа№47,b
12,30,Улица1-яБольничная,b
12,31,Школа№51,b
13,1,Новоселки,f
13,2,УлицаНьютона,f
13,3,УлицаДоронина,f
13,4,УлицаСлепнева,f
13,5,Школа,f
13,6,Больница№8,f
13,7,УлицаГоголя,f
13,8,Железнодорожнаябольница,f
13,9,Московскийвокзал,f
13,10,Выемка,f
13,11,УлицаБольшаяФедоровская,f
13,12,УлицаПервомайская,f
13,13,ПлощадьВолкова,f
13,14,Краснаяплощадь,f
13,15,Октябрьскаяплощадь,f
13,16,УлицаДачная,f
13,17,Школа№50,f
13,18,УлицаЛинейная,f
13,19,УлицаКрасноборская,f
13,20,ПроспектМашиностроителей,f
13,21,ПроездДоброхотова,f
13,22,Кинотеатр«Аврора»,f
13,23,УлицаСаукова,f
13,24,УлицаПапанина,f
13,25,Школа№48,f
13,26,УлицаСахарова,f
13,27,Хутор,f
13,28,Сабанеевская,f
13,29,ЯЗДА,f
13,30,ЯЗДА,b
13,31,Сабанеевская,b
13,32,Хутор,b
13,33,УлицаСахарова,b
13,34,УлицаПапанина,b
13,35,УлицаСаукова,b
13,36,Кинотеатр«Аврора»,b
13,37,ПроездДоброхотова,b
13,38,ПроспектМашиностроителей,b
13,39,УлицаКрасноборская,b
13,40,УлицаЛинейная,b
13,41,Школа№50,b
13,42,УлицаДачная,b
13,43,Октябрьскаяплощадь,b
13,44,Краснаяплощадь,b
13,45,ПлощадьВолкова,b
13,46,УлицаКомсомольская,b
13,47,УлицаБольшаяФедоровская,b
13,48,Выемка,b
13,49,Московскийвокзал,b
13,50,ПроспектФрунзе,b
13,51,Железнодорожнаябольница,b
13,52,УлицаГоголя,b
13,53,Больница№8,b
13,54,Школа,b
13,55,УлицаСлепнева,b
13,56,УлицаДоронина,b
13,57,УлицаНьютона,b
13,58,Новоселки,b
14,1,ПлощадьВолкова,f
14,2,Октябрьскаяплощадь,f
14,3,УлицаДачная,f
14,4,УлицаКрасноборская,f
14,5,ПроспектМашиностроителей,f
14,6,Яковлевское,f
14,7,Яковлевское,b
14,8,ПроспектМашиностроителей,b
14,9,УлицаКрасноборская,b
14,10,УлицаДачная,b
14,11,Октябрьскаяплощадь,b
14,12,ПлощадьВолкова,b
15,1,УлицаВолгоградская,f
15,2,6МКР,f
15,3,ПроспектДзержинского,f
15,4,УлицаПионерская,f
15,5,УлицаУрицкого,f
15,6,ТК«Тандем»,f
15,7,Октябрьскаяплощадь,f
15,8,УлицаДачная,f
15,9,УлицаКрасноборская,f
15,10,ПроспектМашиностроителей,f
15,11,Яковлевское,f
15,12,Яковлевское,b
15,13,ПроспектМашиностроителей,b
15,14,УлицаКрасноборская,b
15,15,УлицаДачная,b
15,16,Завод«КрасныйМаяк»,b
15,17,ТК«Тандем»,b
15,18,Техуглерод,b
15,19,УлицаУрицкого,b
15,20,УлицаПионерская,b
15,21,ПроспектДзержинского,b
15,22,6МКР,b
15,23,УлицаВолгоградская,b
17,1,УлицаВоинова,f
17,2,ПлощадьКарлаМаркса,f
17,3,Юбилейнаяплощадь,f
17,4,Магазин«Турист»,f
17,5,Полиграфкомбинат,f
17,6,ЯрославльГлавный,f
17,7,Полиграфкомбинат,f
17,8,УлицаРыбинская,f
17,9,УлицаГородскойВал,f
17,10,Асфальтовыйзавод,f
17,11,Комсомольскаяплощадь,f
17,12,УлицаКрасноперекопская,f
17,13,5-ялиния,f
17,14,9-ялиния,f
17,15,16-ялиния,f
17,16,18-ялиния,b
17,17,13-ялиния,b
17,18,10-ялиния,b
17,19,УлицаБахвалова,b
17,20,УлицаГудованцева,b
17,21,УлицаЗакгейма,b
17,22,Домколлектива,b
17,23,УлицаМаланова,b
17,24,Комсомольскаяплощадь,b
17,25,Асфальтовыйзавод,b
17,26,УлицаГородскойВал,b
17,27,УлицаРыбинская,b
17,28,Полиграфкомбинат,b
17,29,ЯрославльГлавный,b
17,30,Полиграфкомбинат,b
17,31,Домобуви,b
17,32,УлицаКудрявцева,b
17,33,Юбилейнаяплощадь,b
17,34,ПлощадьКарлаМаркса,b
17,35,УлицаВоинова,b
17,36,ПроспектЛенина,b
18,1,ПлощадьЮности,f
18,2,ПлощадьТруда,f
18,3,ПроспектТолбухина,f
18,4,Жилойкомплекс«Династия»,f
18,5,УлицаРыбинская,f
18,6,УлицаГородскойВал,f
18,7,Асфальтовыйзавод,f
18,8,СТОА,f
18,9,ПМК,f
18,10,ФилиалЯЗТА,f
18,11,МагазинБаза,f
18,12,Мебельсбыт,f
18,13,УлицаМагистральная,f
18,14,УлицаЛодочная,f
18,15,Локомотив,f
18,16,УлицаБерезовая,f
18,17,Магазин,f
18,18,Карачиха,f
18,19,Чурилково,f
18,20,Кладбище,f
18,21,Суринское,f
18,22,УлицаГромова,f
18,23,Пельменная,f
18,24,ПроспектДзержинского,f
18,25,ПроспектДзержинского,f
18,26,УлицаПанина,f
18,27,6МКР,f
18,28,УлицаВолгоградская,f
18,29,14МКР,f
18,30,Школа№56,f
18,31,Школа№56,b
18,32,14МКР,b
18,33,УлицаВолгоградская,b
18,34,6МКР,b
18,35,УлицаПанина,b
18,36,ПроспектДзержинского,b
18,37,ПроспектДзержинского,b
18,38,Пельменная,b
18,39,УлицаГромова,b
18,40,Суринское,b
18,41,Кладбище,b
18,42,Чурилково,b
18,43,Карачиха,b
18,44,Магазин,b
18,45,УлицаБерезовая,b
18,46,Локомотив,b
18,47,УлицаЛодочная,b
18,48,УлицаМагистральная,b
18,49,Мебельсбыт,b
18,50,МагазинБаза,b
18,51,ФилиалЯЗТА,b
18,52,ПМК,b
18,53,СТОА,b
18,54,Асфальтовыйзавод,b
18,55,УлицаГородскойВал,b
18,56,УлицаРыбинская,b
18,57,Жилойкомплекс«Династия»,b
18,58,ПроспектТолбухина,b
18,59,ПлощадьТруда,b
18,60,ПлощадьЮности,b
18К,1,ПлощадьВолкова,f
18К,2,Знаменскаябашня-ПлощадьЮности,f
18К,3,ПлощадьТруда,f
18К,4,ПроспектТолбухина,f
18К,5,Жилойкомплекс«Династия»,f
18К,6,УлицаГородскойВал,f
18К,7,УлицаГородскойВал,f
18К,8,Асфальтовыйзавод,f
18К,9,СТОА,f
18К,10,ПМК,f
18К,11,ФилиалЯЗТА,f
18К,12,МагазинБаза,f
18К,13,Мебельсбыт,f
18К,14,УлицаМагистральная,f
18К,15,УлицаЛодочная,f
18К,16,Локомотив,f
18К,17,УлицаБерезовая,f
18К,18,Магазин,f
18К,19,Магазин,b
18К,20,УлицаБерезовая,b
18К,21,Локомотив,b
18К,22,УлицаЛодочная,b
18К,23,УлицаМагистральная,b
18К,24,Мебельсбыт,b
18К,25,МагазинБаза,b
18К,26,ФилиалЯЗТА,b
18К,27,ПМК,b
18К,28,СТОА,b
18К,29,Асфальтовыйзавод,b
18К,30,УлицаГородскойВал,b
18К,31,УлицаРыбинская,b
18К,32,Жилойкомплекс«Династия»,b
18К,33,ПроспектТолбухина,b
18К,34,ПлощадьТруда,b
18К,35,ПлощадьЮности–ПлощадьВолкова,b
19,1,Крестобогородская-УлицаСлепнева,f
19,2,Арена-2000,f
19,3,Техническийуниверситет,f
19,4,Автовокзал,f
19,5,Московскийвокзал,f
19,6,УлицаНаумова,f
19,7,Кафедральныйсобор,f
19,8,УлицаКарабулина,f
19,9,УлицаЗеленцовская,f
19,10,Комсомольскаяплощадь,f
19,11,УлицаКрасноперекопская,f
19,12,УлицаБахвалова,f
19,13,УлицаЗакгейма,b
19,14,Домколлектива,b
19,15,УлицаМаланова,b
19,16,Комсомольскаяплощадь,b
19,17,УлицаЗеленцовская,b
19,18,УлицаКарабулина,b
19,19,Кафедральныйсобор,b
19,20,УлицаНаумова,b
19,21,Выемка,b
19,22,Московскийвокзал,b
19,23,ЖК«ЯрославльСити»,b
19,24,Автовокзал,b
19,25,Техническийуниверситет,b
19,26,Арена-2000,b
19,27,УлицаПавлова-Крестобогородская,b
19К,1,Улица8Марта,f
19К,2,БольницаимениСемашко,f
19К,3,Комсомольскаяплощадь,f
19К,4,УлицаЗеленцовская,f
19К,5,УлицаКарабулина,f
19К,6,Кафедральныйсобор,f
19К,7,УлицаНаумова,f
19К,8,Выемка,f
19К,9,УлицаБольшаяФедоровская,f
19К,10,УлицаПервомайская,f
19К,11,ПлощадьВолкова,b
19К,12,УлицаКомсомольская,b
19К,13,УлицаБольшаяФедоровская,b
19К,14,УлицаНаумова,b
19К,15,Кафедральныйсобор,b
19К,16,УлицаКарабулина,b
19К,17,УлицаЗеленцовская,b
19К,18,Комсомольскаяплощадь,b
19К,19,УлицаКрасноперекопская,b
19К,20,УлицаБахвалова,b
21,1,Октябрьскаяплощадь,f
21,2,УлицаДачная,f
21,3,Шевелюха,f
21,4,Шевелюха-1,f
21,5,Шевелюха-2,f
21,6,Зоопарк,f
21,7,Производственнаякомпания«Ярославич»,f
21,8,ЛесныеПоляны,f
21,9,Бутрево,f
21,10,КрасныйКустарь,f
21,11,УлицаЖелезнодорожнаяселаТолгоболь,f
21,12,Толгоболь,f
21,13,УлицаПанфилова,f
21,14,УлицаСпартаковская,f
21,15,Сортировочная,f
21,16,Магазин«Орбита»,f
21,17,«Резинотехника»,f
21,18,Хлебобаза,f
21,19,Магазин№55,f
21,20,Магазин№10,f
21,21,Улица6-яОвражная,f
21,22,Хлебозавод,f
21,23,Элеваторная,f
21,24,УлицаБакуниха(потребованию),f
21,25,ДОП,f
21,26,ДОП,b
21,27,УлицаБакуниха(потребованию),b
21,28,Элеваторная,b
21,29,Хлебозавод,b
21,30,Улица6-яОвражная,b
21,31,Магазин№10,b
21,32,Магазин№55,b
21,33,Хлебобаза,b
21,34,Резинотехника,b
21,35,Магазин«Орбита»,b
21,36,Сортировочная,b
21,37,УлицаСпартаковская,b
21,38,УлицаПанфилова,b
21,39,Толгоболь,b
21,40,УлицаЖелезнодорожнаяселаТолгоболь,b
21,41,КрасныйКустарь,b
21,42,Бутрево,b
21,43,ЛесныеПоляны,b
21,44,Производственнаякомпания«Ярославич»,b
21,45,Зоопарк,b
21,46,Шевелюха-2,b
21,47,Шевелюха-1,b
21,48,Шевелюха,b
21,49,УлицаДачная,b
21,50,Октябрьскаяплощадь,b
21Б,1,Магазин«Орбита»,f
21Б,2,Сортировочная,f
21Б,3,УлицаСпартаковская,f
21Б,4,УлицаПанфилова,f
21Б,5,Толгоболь,f
21Б,6,УлицаЖелезнодорожнаяселаТолгоболь,f
21Б,7,КрасныйКустарь,f
21Б,8,Бутрево,f
21Б,9,ЛесныеПоляны,f
21Б,10,Производственнаякомпания«Ярославич»,f
21Б,11,Зоопарк,f
21Б,12,Шевелюха-2,f
21Б,13,Шевелюха-1,f
21Б,14,Шевелюха,f
21Б,15,УлицаДачная,f
21Б,16,Октябрьскаяплощадь,f
21Б,17,Краснаяплощадь,f
21Б,18,ПлощадьВолкова,f
21Б,19,УлицаКомсомольская,f
21Б,20,УлицаБольшаяФедоровская,f
21Б,21,Выемка,f
21Б,22,Московскийвокзал,f
21Б,23,ЖК«ЯрославльСити»,f
21Б,24,Автовокзал,f
21Б,25,Техническийуниверситет,f
21Б,26,Арена-2000,f
21Б,27,Больничныйгородок,f
21Б,28,СпорткомплексАтлант–Больничныйгородок–Арена-2000-УлицаГагарина,b
21Б,29,Техническийуниверситет,b
21Б,30,Автовокзал,b
21Б,31,Московскийвокзал,b
21Б,32,Выемка,b
21Б,33,УлицаБольшаяФедоровская,b
21Б,34,УлицаПервомайская,b
21Б,35,ПлощадьВолкова,b
21Б,36,Краснаяплощадь,b
21Б,37,Октябрьскаяплощадь,b
21Б,38,УлицаДачная,b
21Б,39,Шевелюха,b
21Б,40,Шевелюха-1,b
21Б,41,Шевелюха-2,b
21Б,42,Зоопарк,b
21Б,43,Производственнаякомпания«Ярославич»,b
21Б,44,ЛесныеПоляны,b
21Б,45,Бутрево,b
21Б,46,КрасныйКустарь,b
21Б,47,УлицаЖелезнодорожнаяселаТолгоболь,b
21Б,48,Толгоболь,b
21Б,49,УлицаПанфилова,b
21Б,50,УлицаСпартаковская,b
21Б,51,Сортировочная,b
21Б,52,Магазин«Орбита»,b
21Т,1,Толгоболь,f
21Т,2,УлицаПанфилова,f
21Т,3,УлицаСпартаковская,f
21Т,4,Сортировочная,f
21Т,5,Магазин«Орбита»,f
21Т,6,«Резинотехника»,f
21Т,7,Хлебобаза,f
21Т,8,Магазин№55,f
21Т,9,Магазин№10,f
21Т,10,Улица6-яОвражная,f
21Т,11,Хлебозавод,f
21Т,12,Элеваторная,f
21Т,13,УлицаБакуниха(потребованию),f
21Т,14,ДОП,f
21Т,15,ДОП,b
21Т,16,УлицаБакуниха(потребованию),b
21Т,17,Элеваторная,b
21Т,18,Хлебобаза,b
21Т,19,Улица6-яОвражная,b
21Т,20,Магазин№10,b
21Т,21,Магазин№55,b
21Т,22,Хлебозавод,b
21Т,23,Резинотехника,b
21Т,24,Магазин«Орбита»,b
21Т,25,Сортировочная,b
21Т,26,УлицаСпартаковская,b
21Т,27,УлицаПанфилова,b
21Т,28,Толгоболь,b
22,1,Областнаяонкологическаябольница,f
22,2,ПлощадьКарлаМаркса,f
22,3,УлицаСоветская,f
22,4,Октябрьскаяплощадь,f
22,5,УлицаДачная,f
22,6,Школа№50,f
22,7,Школа№46,f
22,8,8-йпереулок,f
22,9,МедсанчастьЯЗДА,f
22,10,Университетскийгородок,f
22,11,УлицаШоссейная,f
22,12,Среднийпоселок,f
22,13,Школа№47,f
22,14,Улица1-яБольничная,f
22,15,Школа№51,f
22,16,Школа№51,b
22,17,Улица1-яБольничная,b
22,18,Школа№47,b
22,19,Среднийпоселок,b
22,20,УлицаШоссейная,b
22,21,Университетскийгородок,b
22,22,МедсанчастьЯЗДА,b
22,23,8-йпереулок,b
22,24,Школа№46,b
22,25,Школа№50,b
22,26,УлицаДачная,b
22,27,Октябрьскаяплощадь,b
22,28,УлицаРеспубликанская,b
22,29,УлицаСоветская,b
22,30,УлицаВоинова,b
22,31,ПлощадьКарлаМаркса,b
22,32,Областнаяонкологическаябольница,b
22С,1,Октябрьскаяплощадь,f
22С,2,УлицаДачная,f
22С,3,Школа№50,f
22С,4,Школа№46,f
22С,5,8-йпереулок,f
22С,6,МедсанчастьЯЗДА,f
22С,7,Университетскийгородок,f
22С,8,Университетскийгородок,b
22С,9,МедсанчастьЯЗДА,b
22С,10,8-йпереулок,b
22С,11,Школа№46,b
22С,12,Школа№50,b
22С,13,УлицаДачная,b
22С,14,Октябрьскаяплощадь,b
23,1,Яковлевское,f
23,2,Гараж,f
23,3,ПроспектМашиностроителей,f
23,4,УлицаКрасноборская,f
23,5,УлицаЛинейная,f
23,6,Школа№50,f
23,7,УлицаДачная,f
23,8,Октябрьскаяплощадь,f
23,9,УлицаСоветская,f
23,10,УлицаВоинова,f
23,11,ПлощадьКарлаМаркса,f
23,12,Областнаяонкологическаябольница,f
23,13,ЯМЗ,f
23,14,НИИМСК,f
23,15,Лакокраска,f
23,16,Техуглерод,f
23,17,ПарижскаяКоммуна,f
23,18,Сельхозакадемия,f
23,19,Областнаядетскаяклиническаябольница,f
23,20,УлицаЕленыКолесовой,f
23,21,УлицаУрицкого,f
23,22,Павловскийпарк,f
23,23,Поликлиника№5,f
23,24,Мостоотряд,f
23,25,Яблоневыйпосад,f
23,26,Больница№9,f
23,27,Тутаевскоешоссе,f
23,28,УлицаБрагинская,f
23,29,УлицаСтроителей,f
23,30,Ленинградскийпроспект,f
23,31,14МКР,f
23,32,Школа№56,f
23,33,Школа№56,b
23,34,Ленинградскийпроспект,b
23,35,УлицаСтроителей,b
23,36,УлицаБрагинская,b
23,37,Тутаевскоешоссе,b
23,38,Больница№9,b
23,39,Яблоневыйпосад,b
23,40,Мостоотряд,b
23,41,Поликлиника№5,b
23,42,Павловскийпарк,b
23,43,Павловскийпарк,b
23,44,УлицаЕленыКолесовой,b
23,45,Областнаядетскаяклиническаябольница,b
23,46,Сельхозакадемия,b
23,47,ПарижскаяКоммуна,b
23,48,Техуглерод,b
23,49,Лакокраска,b
23,50,НИИМСК,b
23,51,ЯМЗ,b
23,52,Областнаяонкологическаябольница,b
23,53,ПлощадьКарлаМаркса,b
23,54,УлицаСоветская,b
23,55,Октябрьскаяплощадь,b
23,56,УлицаДачная,b
23,57,Школа№50,b
23,58,УлицаЛинейная,b
23,59,УлицаКрасноборская,b
23,60,ПроспектМашиностроителей,b
23,61,Гараж,b
23,62,Яковлевское,b
24,1,ПроспектЛенина,f
24,2,Октябрьскаяплощадь,f
24,3,УлицаДачная,f
24,4,Шевелюха,f
24,5,Шевелюха-1,f
24,6,Смоленское,f
24,7,Борки,f
24,8,Борки-1,f
24,9,Борки-2,f
24,10,Борки-3,f
24,11,Долматово-1,f
24,12,Долматово-1,b
24,13,Борки-3,b
24,14,Борки-2,b
24,15,Борки-1,b
24,16,Борки,b
24,17,Смоленское,b
24,18,Шевелюха-1,b
24,19,Шевелюха,b
24,20,УлицаДачная,b
24,21,Октябрьскаяплощадь,b
24,22,УлицаСоветская,b
25,1,Школа№56,f
25,2,14МКР,f
25,3,УлицаВолгоградская,f
25,4,6МКР,f
25,5,УлицаПанина,f
25,6,ПроспектДзержинского,f
25,7,УлицаПионерская,f
25,8,УлицаУрицкого,f
25,9,Домодежды,f
25,10,Жилойкомплекс«Октябрь»,f
25,11,УлицаУрицкого,f
25,12,УлицаЕленыКолесовой,f
25,13,Областнаядетскаяклиническаябольница,f
25,14,Сельхозакадемия,f
25,15,ПарижскаяКоммуна,f
25,16,Техуглерод,f
25,17,Куксенки,f
25,18,Зоопарк,f
25,19,Шевелюха-2,f
25,20,Шевелюха-1,f
25,21,Шевелюха,f
25,22,УлицаДачная,f
25,23,УлицаДачная,f
25,24,Школа№50,f
25,25,УлицаЛинейная,f
25,26,УлицаКрасноборская,f
25,27,ПроспектМашиностроителей,f
25,28,ПроездДоброхотова,f
25,29,Кинотеатр«Аврора»,f
25,30,УлицаСаукова,f
25,31,УлицаПапанина,f
25,32,Школа№48-УлицаСахарова,f
25,33,Хутор,f
25,34,Сабанеевская,f
25,35,ЯЗДА,f
25,36,ЯЗДА,b
25,37,Сабанеевская,b
25,38,Хутор,b
25,39,УлицаСахарова,b
25,40,УлицаПапанина,b
25,41,УлицаСаукова,b
25,42,Кинотеатр«Аврора»,b
25,43,ПроездДоброхотова,b
25,44,ПроспектМашиностроителей,b
25,45,УлицаКрасноборская,b
25,46,УлицаЛинейная,b
25,47,Школа№50,b
25,48,УлицаДачная,b
25,49,Шевелюха,b
25,50,Шевелюха-1,b
25,51,Шевелюха-2,b
25,52,Зоопарк,b
25,53,Куксенки,b
25,54,Техуглерод,b
25,55,ПарижскаяКоммуна,b
25,56,Сельхозакадемия,b
25,57,Областнаядетскаяклиническаябольница,b
25,58,УлицаЕленыКолесовой,b
25,59,Жилойкомплекс«Октябрь»,b
25,60,Домодежды,b
25,61,УлицаУрицкого,b
25,62,УлицаПионерская,b
25,63,ПроспектДзержинского,b
25,64,УлицаПанина,b
25,65,6МКР,b
25,66,УлицаВолгоградская,b
25,67,14МКР,b
25,68,Школа№56,b
26,1,Октябрьскаяплощадь,f
26,2,УлицаДачная,f
26,3,Шевелюха,f
26,4,УлицаАлмазная,f
26,5,УлицаАлмазная,b
26,6,Шевелюха,b
26,7,УлицаДачная,b
26,8,Октябрьскаяплощадь,b
27,1,ПроспектЛенина,f
27,2,Октябрьскаяплощадь,f
27,3,УлицаДачная,f
27,4,Школа№50,f
27,5,Аптека,f
27,6,Кинотеатр«Дружба»,f
27,7,Тверицы,f
27,8,Кинотеатр«Дружба»,f
27,9,Аптека,f
27,10,1-яСоюзная,f
27,11,2-яСоюзная,f
27,12,3-яСоюзная,f
27,13,Школамеханизации,f
27,14,Школамеханизации,b
27,15,3-яСоюзная,b
27,16,2-яСоюзная,b
27,17,1-яСоюзная,b
27,18,Аптека,b
27,19,Кинотеатр«Дружба»,b
27,20,Тверицы,b
27,21,Кинотеатр«Дружба»,b
27,22,Аптека,b
27,23,Школа№50,b
27,24,УлицаДачная,b
27,25,Октябрьскаяплощадь,b
27,26,УлицаСоветская,b
28,1,ПроспектЛенина,f
28,2,Октябрьскаяплощадь,f
28,3,УлицаДачная,f
28,4,Школа№50,f
28,5,УлицаЛинейная,f
28,6,УлицаКрасноборская,f
28,7,ПроспектМашиностроителей,f
28,8,ПроездДоброхотова,f
28,9,Кинотеатр«Аврора»,f
28,10,УлицаСаукова,f
28,11,УлицаПапанина,f
28,12,Школа№48,f
28,13,УлицаСахарова,f
28,14,Хутор,f
28,15,Сабанеевская,f
28,16,ЯЗДА,f
28,17,ЯЗДА,b
28,18,Сабанеевская,b
28,19,Хутор,b
28,20,УлицаСахарова,b
28,21,УлицаПапанина,b
28,22,УлицаСаукова,b
28,23,Кинотеатр«Аврора»,b
28,24,ПроездДоброхотова,b
28,25,ПроспектМашиностроителей,b
28,26,УлицаКрасноборская,b
28,27,УлицаЛинейная,b
28,28,Школа№50,b
28,29,УлицаДачная,b
28,30,Октябрьскаяплощадь,b
28,31,УлицаСоветская,b
29,1,ЯЗДА,f
29,2,Сабанеевская,f
29,3,Хутор,f
29,4,УлицаСахарова,f
29,5,УлицаПапанина,f
29,6,УлицаСаукова,f
29,7,Кинотеатр«Аврора»,f
29,8,ПроездДоброхотова,f
29,9,ПроспектМашиностроителей,f
29,10,УлицаКрасноборская,f
29,11,УлицаЛинейная,f
29,12,Школа№50,f
29,13,Аптека,f
29,14,Кинотеатр«Дружба»,f
29,15,Кинотеатр«Дружба»,b
29,16,Аптека,b
29,17,Школа№50,b
29,18,УлицаЛинейная,b
29,19,УлицаКрасноборская,b
29,20,ПроспектМашиностроителей,b
29,21,ПроездДоброхотова,b
29,22,Кинотеатр«Аврора»,b
29,23,УлицаСаукова,b
29,24,УлицаПапанина,b
29,25,Школа№48,b
29,26,УлицаСахарова,b
29,27,Хутор,b
29,28,Сабанеевская,b
29,29,ЯЗДА,b
30,1,Полиграфкомбинат,f
30,2,Домобуви,f
30,3,УлицаКудрявцева,f
30,4,Юбилейнаяплощадь,f
30,5,ПлощадьКарлаМаркса,f
30,6,УлицаСоветская,f
30,7,Октябрьскаяплощадь,f
30,8,УлицаДачная,f
30,9,Школа№50,f
30,10,УлицаЛинейная,f
30,11,УлицаКрасноборская,f
30,12,ПроспектМашиностроителей,f
30,13,ПроездДоброхотова,f
30,14,Кинотеатр«Аврора»,f
30,15,УлицаСаукова,f
30,16,УлицаПапанина,f
30,17,Школа№48,f
30,18,УлицаСахарова,f
30,19,Хутор,f
30,20,Сабанеевская,f
30,21,ЯЗДА,f
30,22,ЯЗДА,b
30,23,Сабанеевская,b
30,24,Хутор,b
30,25,УлицаСахарова,b
30,26,УлицаПапанина,b
30,27,УлицаСаукова,b
30,28,Кинотеатр«Аврора»,b
30,29,ПроездДоброхотова,b
30,30,ПроспектМашиностроителей,b
30,31,УлицаКрасноборская,b
30,32,УлицаЛинейная,b
30,33,Школа№50,b
30,34,УлицаДачная,b
30,35,Октябрьскаяплощадь,b
30,36,УлицаСоветская,b
30,37,УлицаВоинова,b
30,38,ПлощадьКарлаМаркса,b
30,39,Юбилейнаяплощадь,b
30,40,Магазин«Турист»,b
30,41,Полиграфкомбинат,b
32,1,УлицаПапанина,f
32,2,УлицаСаукова,f
32,3,Кинотеатр«Аврора»,f
32,4,ПроездДоброхотова,f
32,5,ПроспектМашиностроителей,f
32,6,УлицаКрасноборская,f
32,7,УлицаЛинейная,f
32,8,Школа№50,f
32,9,УлицаДачная,f
32,10,Октябрьскаяплощадь,f
32,11,УлицаПобеды,f
32,12,ПлощадьКарлаМаркса,f
32,13,Областнаяонкологическаябольница-ЯМЗ,f
32,14,НИИМСК,f
32,15,Лакокраска,f
32,16,Техуглерод,f
32,17,Лакокраска,b
32,18,НИИМСК,b
32,19,ЯМЗ,b
32,20,Областнаяонкологическаябольница,b
32,21,ПлощадьКарлаМаркса,b
32,22,УлицаСоветская,b
32,23,Октябрьскаяплощадь,b
32,24,УлицаДачная,b
32,25,Школа№50,b
32,26,УлицаЛинейная,b
32,27,УлицаКрасноборская,b
32,28,ПроспектМашиностроителей,b
32,29,ПроездДоброхотова,b
32,30,Кинотеатр«Аврора»,b
32,31,УлицаСаукова,b
32,32,УлицаПапанина,b
32,33,Школа№48,b
32П,1,Октябрьскаяплощадь,f
32П,2,Школа№50,f
32П,3,УлицаЛинейная,f
32П,4,УлицаКрасноборская,f
32П,5,ПроспектМашиностроителей,f
32П,6,Кинотеатр«Аврора»,f
32П,7,УлицаСаукова,f
32П,8,УлицаПапанина,f
32П,9,Школа№48,f
32П,10,УлицаСахарова,f
32П,11,,b
32Т,1,Краснаяплощадь,f
32Т,2,Октябрьскаяплощадь,f
32Т,3,УлицаДачная,f
32Т,4,Школа№50,f
32Т,5,УлицаЛинейная,f
32Т,6,УлицаКрасноборская,f
32Т,7,ПроспектМашиностроителей,f
32Т,8,Кинотеатр«Аврора»,f
32Т,9,УлицаСаукова,f
32Т,10,УлицаПапанина,f
32Т,11,Школа№48,f
32Т,12,УлицаСахарова,f
32Т,13,УлицаПапанина,b
32Т,14,УлицаСаукова,b
32Т,15,Кинотеатр«Аврора»,b
32Т,16,ПроспектМашиностроителей,b
32Т,17,УлицаКрасноборская,b
32Т,18,УлицаЛинейная,b
32Т,19,Школа№50,b
32Т,20,УлицаДачная,b
32Т,21,Октябрьскаяплощадь,b
32Т,22,Краснаяплощадь,b
33,1,Крестобогородская,f
33,2,УлицаСлепнева,f
33,3,Арена-2000,f
33,4,Техническийуниверситет,f
33,5,Автовокзал,f
33,6,Московскийвокзал,f
33,7,Выемка,f
33,8,УлицаБольшаяФедоровская,f
33,9,УлицаПервомайская,f
33,10,ПлощадьВолкова,f
33,11,Краснаяплощадь,f
33,12,УлицаРеспубликанская,f
33,13,УлицаПобеды,f
33,14,Октябрьскаяплощадь,f
33,15,УлицаДачная,f
33,16,Школа№50,f
33,17,УлицаЛинейная,f
33,18,УлицаКрасноборская,f
33,19,ПроспектМашиностроителей,f
33,20,Гараж,f
33,21,Яковлевское,f
33,22,Яковлевское,b
33,23,Гараж,b
33,24,ПроспектМашиностроителей,b
33,25,УлицаКрасноборская,b
33,26,УлицаЛинейная,b
33,27,Школа№50,b
33,28,УлицаДачная,b
33,29,Октябрьскаяплощадь,b
33,30,УлицаПобеды,b
33,31,УлицаРеспубликанская,b
33,32,Краснаяплощадь,b
33,33,ПлощадьВолкова,b
33,34,УлицаКомсомольская,b
33,35,УлицаБольшаяФедоровская,b
33,36,Выемка,b
33,37,Московскийвокзал,b
33,38,ЖК«ЯрославльСити»,b
33,39,Автовокзал,b
33,40,Техническийуниверситет,b
33,41,Арена-2000,b
33,42,УлицаПавлова,b
33,43,Крестобогородская,b
34,1,Октябрьскаяплощадь,f
34,2,УлицаДачная,f
34,3,Шевелюха,f
34,4,Шевелюха-1,f
34,5,Шевелюха-2,f
34,6,Зоопарк,f
34,7,Производственнаякомпания«Ярославич»,f
34,8,ЛесныеПоляны,f
34,9,Бутрево,f
34,10,КрасныйКустарь,f
34,11,УлицаЖелезнодорожнаяселаТолгоболь,f
34,12,ПоселокТолга,f
34,13,ПоселокТолга,b
34,14,УлицаЖелезнодорожнаяселаТолгоболь,b
34,15,КрасныйКустарь,b
34,16,Бутрево,b
34,17,ЛесныеПоляны,b
34,18,Производственнаякомпания«Ярославич»,b
34,19,Зоопарк,b
34,20,Шевелюха-2,b
34,21,Шевелюха-1,b
34,22,Шевелюха,b
34,23,УлицаДачная,b
34,24,Октябрьскаяплощадь,b
39,1,Университетскийгородок,f
39,2,МедсанчастьЯЗДА,f
39,3,8-йпереулок,f
39,4,Школа№46,f
39,5,Школа№50,f
39,6,УлицаЛинейная,f
39,7,УлицаКрасноборская,f
39,8,ПроспектМашиностроителей,f
39,9,ПроездДоброхотова,f
39,10,Кинотеатр«Аврора»,f
39,11,УлицаСаукова,f
39,12,УлицаПапанина,f
39,13,Школа№48,f
39,14,УлицаСахарова,f
39,15,Хутор,f
39,16,Сабанеевская,f
39,17,ЯЗДА,f
39,18,Машприбор,f
39,19,УлицаЗалесская,f
39,20,Среднийпоселок,f
39,21,Школа№47,f
39,22,Улица1-яБольничная,f
39,23,Школа№51,f
39,24,Школа№51,b
39,25,Улица1-яБольничная,b
39,26,Школа№47,b
39,27,Среднийпоселок,b
39,28,УлицаЗалесская,b
39,29,Машприбор,b
39,30,ЯЗДА,b
39,31,Сабанеевская,b
39,32,Хутор,b
39,33,УлицаСахарова,b
39,34,УлицаПапанина,b
39,35,УлицаСаукова,b
39,36,Кинотеатр«Аврора»,b
39,37,ПроездДоброхотова,b
39,38,ПроспектМашиностроителей,b
39,39,УлицаКрасноборская,b
39,40,УлицаЛинейная,b
39,41,Школа№50,b
39,42,Школа№46,b
39,43,8-йпереулок,b
39,44,МедсанчастьЯЗДА,b
39,45,Университетскийгородок,b
40,1,Магазин«Орбита»,f
40,2,Сортировочная,f
40,3,УлицаСпартаковская,f
40,4,УлицаПанфилова,f
40,5,Толгоболь,f
40,6,УлицаЖелезнодорожнаяселаТолгоболь,f
40,7,КрасныйКустарь,f
40,8,Бутрево,f
40,9,ЛесныеПоляны,f
40,10,Филиалавтобазы,f
40,11,Садоводческоехозяйство,f
40,12,Яковлевское,f
40,13,Областнаябольница,f
40,14,Яковлевское,f
40,15,Яковлевское,f
40,16,Гараж,f
40,17,ПроездДоброхотова,f
40,18,Кинотеатр«Аврора»,f
40,19,УлицаСаукова,f
40,20,УлицаПапанина,f
40,21,Школа№48,f
40,22,УлицаСахарова,f
40,23,Хутор,f
40,24,Сабанеевская,f
40,25,ЯЗДА,f
40,26,ЯЗДА,b
40,27,Сабанеевская,b
40,28,Хутор,b
40,29,УлицаСахарова,b
40,30,УлицаПапанина,b
40,31,УлицаСаукова,b
40,32,Кинотеатр«Аврора»,b
40,33,ПроездДоброхотова,b
40,34,Гараж,b
40,35,Яковлевское,b
40,36,Областнаябольница,b
40,37,Яковлевское,b
40,38,Яковлевское,b
40,39,Садоводческоехозяйство,b
40,40,Филиалавтобазы,b
40,41,ЛесныеПоляны,b
40,42,Бутрево,b
40,43,КрасныйКустарь,b
40,44,УлицаЖелезнодорожнаяселаТолгоболь,b
40,45,Толгоболь,b
40,46,УлицаПанфилова,b
40,47,УлицаСпартаковская,b
40,48,Сортировочная,b
40,49,Магазин«Орбита»,b
40К,1,Магазин«Орбита»,f
40К,2,Сортировочная,f
40К,3,УлицаСпартаковская,f
40К,4,УлицаПанфилова,f
40К,5,Толгоболь,f
40К,6,УлицаЖелезнодорожнаяселаТолгоболь,f
40К,7,КрасныйКустарь,f
40К,8,Бутрево,f
40К,9,ЛесныеПоляны,f
40К,10,Филиалавтобазы,f
40К,11,Садоводческоехозяйство,f
40К,12,Яковлевское,f
40К,13,Областнаябольница,f
40К,14,Яковлевское,f
40К,15,Гараж,f
40К,16,ПроспектМашиностроителей,f
40К,17,УлицаКрасноборская,f
40К,18,УлицаЛинейная,f
40К,19,Школа№50,f
40К,20,Школа№46,f
40К,21,8-йпереулок,f
40К,22,МедсанчастьЯЗДА,f
40К,23,Университетскийгородок,f
40К,24,Университетскийгородок,b
40К,25,МедсанчастьЯЗДА,b
40К,26,8-йпереулок,b
40К,27,Школа№46,b
40К,28,Школа№50,b
40К,29,УлицаЛинейная,b
40К,30,УлицаКрасноборская,b
40К,31,ПроспектМашиностроителей,b
40К,32,Гараж,b
40К,33,Яковлевское,b
40К,34,Областнаябольница,b
40К,35,Яковлевское,b
40К,36,Садоводческоехозяйство,b
40К,37,Филиалавтобазы,b
40К,38,ЛесныеПоляны,b
40К,39,Бутрево,b
40К,40,КрасныйКустарь,b
40К,41,УлицаЖелезнодорожнаяселаТолгоболь,b
40К,42,Толгоболь,b
40К,43,УлицаПанфилова,b
40К,44,УлицаСпартаковская,b
40К,45,Сортировочная,b
40К,46,Магазин«Орбита»,b
41,1,Полиграфкомбинат,f
41,2,УлицаРыбинская,f
41,3,УлицаГородскойВал,f
41,4,Мышкинскийпроезд,f
41,5,КЗЦ«Миллениум»,f
41,6,Парк1000-летиягородаЯрославля,f
41,7,Педагогическийуниверситет,f
41,8,УлицаБольшаяФедоровская,f
41,9,Выемка,f
41,10,Московскийвокзал,f
41,11,ПроспектФрунзе,f
41,12,Суздальскоешоссе,f
41,13,Парашютныйпроезд,f
41,14,ТЦ«Аксон»,f
41,15,ПоселокСокол,f
41,16,УлицаЧернопрудная,f
41,17,УлицаАкадемикаКолмогорова,f
41,18,УлицаЛескова,f
41,19,Дядьковская,f
41,20,УлицаСудостроителей,f
41,21,УлицаСветлая,f
41,22,УлицаПроектируемая,f
41,23,Больница№2,f
41,24,УлицаИндустриальная,f
41,25,УлицаПирогова,f
41,26,Костромскоешоссе,f
41,27,ПоселокВеликий,f
41,28,ПоселокВеликий,b
41,29,Костромскоешоссе,b
41,30,УлицаПирогова,b
41,31,УлицаИндустриальная,b
41,32,ПроспектФрунзе,b
41,33,Больница№2,b
41,34,УлицаПроектируемая,b
41,35,УлицаСветлая,b
41,36,УлицаСудостроителей,b
41,37,Дядьковская,b
41,38,УлицаЛескова,b
41,39,УлицаАкадемикаКолмогорова,b
41,40,УлицаЧернопрудная,b
41,41,ПоселокСокол,b
41,42,Парашютныйпроезд,b
41,43,Суздальскоешоссе,b
41,44,Московскийвокзал,b
41,45,Выемка,b
41,46,УлицаБольшаяФедоровская,b
41,47,Педагогическийуниверситет,b
41,48,Парк1000-летиягородаЯрославля,b
41,49,КЗЦ«Миллениум»,b
41,50,Мышкинскийпроезд,b
41,51,УлицаГородскойВал,b
41,52,УлицаРыбинская,b
41,53,Полиграфкомбинат,b
41А,1,Крестобогородская,f
41А,2,УлицаСлепнева,f
41А,3,Арена-2000,f
41А,4,Техническийуниверситет,f
41А,5,Автовокзал,f
41А,6,ПроспектФрунзе,f
41А,7,Суздальскоешоссе,f
41А,8,Парашютныйпроезд,f
41А,9,ТЦ«Аксон»,f
41А,10,ПоселокСокол,f
41А,11,УлицаЧернопрудная,f
41А,12,УлицаАкадемикаКолмогорова,f
41А,13,УлицаЛескова,f
41А,14,Дядьковская,f
41А,15,УлицаСудостроителей,f
41А,16,УлицаСветлая,f
41А,17,УлицаПроектируемая,f
41А,18,Больница№2,f
41А,19,УлицаПирогова,f
41А,20,УлицаИндустриальная,b
41А,21,ПроспектФрунзе,b
41А,22,Больница№2,b
41А,23,УлицаПроектируемая,b
41А,24,УлицаСветлая,b
41А,25,УлицаСудостроителей,b
41А,26,Дядьковская,b
41А,27,УлицаЛескова,b
41А,28,УлицаАкадемикаКолмогорова,b
41А,29,УлицаЧернопрудная,b
41А,30,ПоселокСокол,b
41А,31,Парашютныйпроезд,b
41А,32,Суздальскоешоссе,b
41А,33,ЖК«ЯрославльСити»,b
41А,34,Автовокзал,b
41А,35,Техническийуниверситет,b
41А,36,Арена-2000,b
41А,37,УлицаПавлова,b
41А,38,Крестобогородская,b
41Б,1,УлицаБольшаяФедоровская,f
41Б,2,Выемка,f
41Б,3,Московскийвокзал,f
41Б,4,ПроспектФрунзе,f
41Б,5,Суздальскоешоссе,f
41Б,6,Парашютныйпроезд,f
41Б,7,ТЦ«Аксон»,f
41Б,8,ПоселокСокол,f
41Б,9,УлицаЧернопрудная,f
41Б,10,УлицаАкадемикаКолмогорова,f
41Б,11,УлицаЛескова,f
41Б,12,Дядьковская,f
41Б,13,УлицаСудостроителей,f
41Б,14,УлицаСветлая,f
41Б,15,УлицаПроектируемая,f
41Б,16,Больница№2,f
41Б,17,Школа№88,f
41Б,18,УлицаЯрославская,f
41Б,19,Школа№88,f
41Б,20,УлицаПирогова,f
41Б,21,ПроспектФрунзе,b
41Б,22,Больница№2,b
41Б,23,УлицаПроектируемая,b
41Б,24,УлицаСветлая,b
41Б,25,УлицаСудостроителей,b
41Б,26,Дядьковская,b
41Б,27,УлицаЛескова,b
41Б,28,УлицаАкадемикаКолмогорова,b
41Б,29,УлицаЧернопрудная,b
41Б,30,ПоселокСокол,b
41Б,31,Парашютныйпроезд,b
41Б,32,Суздальскоешоссе,b
41Б,33,Московскийвокзал,b
41Б,34,Выемка,b
41Б,35,УлицаБольшаяФедоровская,b
41К,1,УлицаБольшаяФедоровская,f
41К,2,Выемка,f
41К,3,Московскийвокзал,f
41К,4,ПроспектФрунзе,f
41К,5,Суздальскоешоссе,f
41К,6,Парашютныйпроезд,f
41К,7,ТЦ«Аксон»,f
41К,8,ПоселокСокол,f
41К,9,УлицаЧернопрудная,f
41К,10,УлицаАкадемикаКолмогорова,f
41К,11,УлицаЛескова,f
41К,12,Дядьковская,f
41К,13,УлицаСудостроителей,f
41К,14,УлицаСудостроителей,b
41К,15,Дядьковская,b
41К,16,УлицаЛескова,b
41К,17,УлицаАкадемикаКолмогорова,b
41К,18,УлицаЧернопрудная,b
41К,19,ПоселокСокол,b
41К,20,Парашютныйпроезд,b
41К,21,Суздальскоешоссе,b
41К,22,Московскийвокзал,b
41К,23,Выемка,b
41К,24,УлицаБольшаяФедоровская,b
41П,1,УлицаГагарина-Техническийуниверситет,f
41П,2,Автовокзал,f
41П,3,ПроспектФрунзе,f
41П,4,Суздальскоешоссе,f
41П,5,Парашютныйпроезд,f
41П,6,ТЦ«Аксон»,f
41П,7,ПоселокСокол,f
41П,8,УлицаЧернопрудная,f
41П,9,УлицаАкадемикаКолмогорова,f
41П,10,УлицаЛескова,f
41П,11,Дядьковская,f
41П,12,УлицаСудостроителей,f
41П,13,УлицаСветлая,f
41П,14,УлицаПроектируемая,f
41П,15,Больница№2,f
41П,16,Школа№88,f
41П,17,УлицаЯрославская,f
41П,18,Школа№88,f
41П,19,УлицаПирогова,f
41П,20,ПоселокКуйбышева,f
41П,21,,b
42,1,Школа56,f
42,2,14МКР,f
42,3,УлицаВолгоградская,f
42,4,6МКР,f
42,5,УлицаПанина,f
42,6,ПроспектДзержинского,f
42,7,УлицаПионерская,f
42,8,УлицаУрицкого,f
42,9,Трамвайноедепо,f
42,10,ТЦ«Омега»,f
42,11,Торгово-развлекательныйкомплекс«РИО»,f
42,12,Лакокраска,f
42,13,НИИМСК,f
42,14,ЯМЗ,f
42,15,Областнаяонкологическаябольница,f
42,16,ПлощадьКарлаМаркса,f
42,17,УлицаПобеды,f
42,18,УлицаРеспубликанская,f
42,19,Краснаяплощадь,f
42,20,ПлощадьВолкова,f
42,21,УлицаКомсомольская,f
42,22,УлицаБольшаяФедоровская,f
42,23,Выемка,f
42,24,Московскийвокзал,f
42,25,ПроспектФрунзе,f
42,26,Суздальскоешоссе,f
42,27,Парашютныйпроезд,f
42,28,ТЦ«Аксон»,f
42,29,ПоселокСокол,f
42,30,УлицаЧернопрудная,f
42,31,УлицаАкадемикаКолмогорова,f
42,32,УлицаЛескова,f
42,33,Дядьковская,f
42,34,УлицаСудостроителей,f
42,35,УлицаСветлая,f
42,36,УлицаПроектируемая,f
42,37,Больница№2,f
42,38,УлицаИндустриальная,f
42,39,УлицаИндустриальная,b
42,40,ПроспектФрунзе,b
42,41,Больница№2,b
42,42,УлицаПроектируемая,b
42,43,УлицаСветлая,b
42,44,УлицаСудостроителей,b
42,45,Дядьковская,b
42,46,УлицаЛескова,b
42,47,УлицаАкадемикаКолмогорова,b
42,48,УлицаЧернопрудная,b
42,49,ПоселокСокол,b
42,50,Парашютныйпроезд,b
42,51,Суздальскоешоссе,b
42,52,Московскийвокзал,b
42,53,Выемка,b
42,54,УлицаБольшаяФедоровская,b
42,55,УлицаПервомайская,b
42,56,Краснаяплощадь,b
42,57,УлицаРеспубликанская,b
42,58,УлицаПобеды,b
42,59,ПлощадьКарлаМаркса,b
42,60,Областнаяонкологическаябольница,b
42,61,ЯМЗ,b
42,62,НИИМСК,b
42,63,Лакокраска,b
42,64,Техуглерод,b
42,65,ТЦ«Омега»,b
42,66,Трамвайноедепо,b
42,67,УлицаЕленыКолесовой,b
42,68,УлицаУрицкого,b
42,69,УлицаПионерская,b
42,70,ПроспектДзержинского,b
42,71,УлицаПанина,b
42,72,6МКР,b
42,73,УлицаВолгоградская,b
42,74,14МКР,b
42,75,Школа№56,b
42П,1,ПлощадьКарлаМаркса,f
42П,2,ПарижскаяКоммуна,f
42П,3,Сельхозакадемия,f
42П,4,Областнаядетскаяклиническаябольница,f
42П,5,УлицаЕленыКолесовой,f
42П,6,Жилойкомплекс«Октябрь»,f
42П,7,Домодежды,f
42П,8,УлицаУрицкого,f
42П,9,ПроспектДзержинского,f
42П,10,Пельменная,f
42П,11,УлицаГромова,f
42П,12,Школа№29,f
42П,13,,b
43,1,ПлощадьВолкова,f
43,2,Краснаяплощадь,f
43,3,УлицаРеспубликанская,f
43,4,УлицаПобеды,f
43,5,Октябрьскаяплощадь,f
43,6,УлицаДачная,f
43,7,Школа№50,f
43,8,УлицаЛинейная,f
43,9,УлицаКрасноборская,f
43,10,ПроспектМашиностроителей,f
43,11,ПроездДоброхотова,f
43,12,Кинотеатр«Аврора»,f
43,13,Школа№59,f
43,14,Школа№59,b
43,15,Кинотеатр«Аврора»,b
43,16,ПроездДоброхотова,b
43,17,ПроспектМашиностроителей,b
43,18,УлицаКрасноборская,b
43,19,УлицаЛинейная,b
43,20,Школа№50,b
43,21,УлицаДачная,b
43,22,Октябрьскаяплощадь,b
43,23,УлицаПобеды,b
43,24,УлицаРеспубликанская,b
43,25,Краснаяплощадь,b
43,26,ПлощадьВолкова,b
44К,1,Краснаяплощадь,f
44К,2,УлицаРеспубликанская,f
44К,3,УлицаПобеды,f
44К,4,ПлощадьКарлаМаркса,f
44К,5,Институт,f
44К,6,УлицаЧехова,f
44К,7,УлицаБелинского,f
44К,8,УлицаЖукова,f
44К,9,УлицаДобрынина,f
44К,10,УлицаЮности,b
44К,11,УлицаДобрынина,b
44К,12,УлицаЖукова,b
44К,13,УлицаБелинского,b
44К,14,УлицаЧехова,b
44К,15,Институт,b
44К,16,ПлощадьКарлаМаркса,b
44К,17,УлицаПобеды,b
44К,18,УлицаРеспубликанская,b
44К,19,Краснаяплощадь,b
44К,20,ПлощадьВолкова,b
49,1,УлицаПроектируемая–УлицаСветлая-УлицаСудостроителей,f
49,2,Дядьковская,f
49,3,УлицаЛескова,f
49,4,УлицаАкадемикаКолмогорова,f
49,5,УлицаЧернопрудная,f
49,6,ПоселокСокол,f
49,7,Парашютныйпроезд,f
49,8,Суздальскоешоссе,f
49,9,Московскийвокзал,f
49,10,Выемка,f
49,11,УлицаБольшаяФедоровская,f
49,12,УлицаПервомайская,f
49,13,Знаменскаябашня,f
49,14,ПлощадьЮности,f
49,15,ПлощадьТруда,f
49,16,ПроспектТолбухина,f
49,17,Жилойкомплекс«Династия»,f
49,18,УлицаРыбинская-УлицаГородскойВал,f
49,19,Асфальтовыйзавод,f
49,20,СТОА,f
49,21,ПМК,f
49,22,ФилиалЯЗТА,f
49,23,МагазинБаза,f
49,24,Мебельсбыт,f
49,25,УлицаМагистральная,f
49,26,УлицаЛодочная,f
49,27,Локомотив,f
49,28,УлицаБерезовая,f
49,29,Магазин,f
49,30,Карачиха,f
49,31,Чурилково,f
49,32,Кладбище,f
49,33,Суринское,f
49,34,УлицаГромова,f
49,35,Пельменная,f
49,36,ПроспектДзержинского,f
49,37,ПроспектДзержинского,f
49,38,УлицаПанина,f
49,39,6МКР,f
49,40,УлицаВолгоградская,f
49,41,14МКР,f
49,42,Школа№56,f
49,43,Школа№56,b
49,44,14МКР,b
49,45,УлицаВолгоградская,b
49,46,6МКР,b
49,47,УлицаПанина,b
49,48,ПроспектДзержинского,b
49,49,ПроспектДзержинского,b
49,50,Пельменная,b
49,51,УлицаГромова,b
49,52,Суринское,b
49,53,Кладбище,b
49,54,Чурилково,b
49,55,Карачиха,b
49,56,Магазин,b
49,57,УлицаБерезовая,b
49,58,Локомотив,b
49,59,УлицаЛодочная,b
49,60,УлицаМагистральная,b
49,61,Мебельсбыт,b
49,62,МагазинБаза,b
49,63,ФилиалЯЗТА,b
49,64,ПМК,b
49,65,СТОА,b
49,66,Асфальтовыйзавод,b
49,67,УлицаГородскойВал,b
49,68,УлицаРыбинская,b
49,69,Жилойкомплекс«Династия»,b
49,70,ПроспектТолбухина,b
49,71,ПлощадьТруда,b
49,72,ПлощадьЮности-УлицаКомсомольская,b
49,73,УлицаБольшаяФедоровская,b
49,74,Выемка,b
49,75,Московскийвокзал,b
49,76,ПроспектФрунзе,b
49,77,Суздальскоешоссе,b
49,78,Парашютныйпроезд,b
49,79,ТЦ«Аксон»,b
49,80,ПоселокСокол,b
49,81,УлицаЧернопрудная,b
49,82,УлицаАкадемикаКолмогорова,b
49,83,УлицаЛескова,b
49,84,Дядьковская,b
49,85,УлицаСудостроителей–УлицаСветлая-Нефтебаза,b
53,1,Крестобогородская,f
53,2,УлицаСлепнева,f
53,3,Арена-2000,f
53,4,Техническийуниверситет,f
53,5,Автовокзал,f
53,6,Московскийвокзал,f
53,7,Выемка,f
53,8,УлицаБольшаяФедоровская,f
53,9,УлицаПервомайская,f
53,10,ПлощадьВолкова,f
53,11,Краснаяплощадь,f
53,12,УлицаРеспубликанская,f
53,13,УлицаПобеды,f
53,14,Октябрьскаяплощадь,f
53,15,УлицаДачная,f
53,16,Школа№50,f
53,17,УлицаЛинейная,f
53,18,УлицаКрасноборская,f
53,19,ПроспектМашиностроителей,f
53,20,ПроездДоброхотова,f
53,21,Кинотеатр«Аврора»,f
53,22,УлицаСаукова,f
53,23,УлицаПапанина,f
53,24,Школа48,f
53,25,УлицаСахарова,f
53,26,УлицаСахарова,b
53,27,УлицаПапанина,b
53,28,УлицаСаукова,b
53,29,Кинотеатр«Аврора»,b
53,30,ПроездДоброхотова,b
53,31,ПроспектМашиностроителей,b
53,32,УлицаКрасноборская,b
53,33,УлицаЛинейная,b
53,34,Школа№50,b
53,35,УлицаДачная,b
53,36,Октябрьскаяплощадь,b
53,37,УлицаПобеды,b
53,38,УлицаРеспубликанская,b
53,39,Краснаяплощадь,b
53,40,ПлощадьВолкова,b
53,41,УлицаКомсомольская,b
53,42,УлицаБольшаяФедоровская,b
53,43,Выемка,b
53,44,Московскийвокзал,b
53,45,ЖК«ЯрославльСити»,b
53,46,Автовокзал,b
53,47,Техническийуниверситет,b
53,48,Арена-2000,b
53,49,УлицаПавлова,b
53,50,Крестобогородская,b
55,1,ЯЗДА,f
55,2,Сабанеевская,f
55,3,Хутор,f
55,4,УлицаСахарова(ТЦ«Глобус»),f
55,5,ПроспектМашиностроителей,f
55,6,УлицаСахарова,f
55,7,ПоселокМаяковского,f
55,8,УлицаСиреневая,f
55,9,УлицаСиреневая,f
55,10,ПоселокМаяковского,f
55,11,УлицаСосновая,f
55,12,УлицаСаукова,f
55,13,УлицаЛяпидевского,f
55,14,УлицаЛинейная,f
55,15,Школа№50,f
55,16,УлицаДачная,f
55,17,Завод«КрасныйМаяк»,f
55,18,Гостиница«Турист»,f
55,19,УлицаСоветская,f
55,20,УлицаВоинова,f
55,21,ПлощадьКарлаМаркса,f
55,22,Юбилейнаяплощадь,f
55,23,УлицаКудрявцева,f
55,24,Магазин«Турист»,f
55,25,Полиграфкомбинат,f
55,26,Полиграфкомбинат,b
55,27,Домобуви,b
55,28,УлицаКудрявцева,b
55,29,Юбилейнаяплощадь,b
55,30,ПлощадьКарлаМаркса,b
55,31,УлицаСоветская,b
55,32,Октябрьскаяплощадь,b
55,33,УлицаДачная,b
55,34,Школа№50,b
55,35,УлицаЛинейная,b
55,36,УлицаЛяпидевского,b
55,37,УлицаСаукова,b
55,38,УлицаСосновая,b
55,39,ПоселокМаяковского,b
55,40,УлицаСиреневая,b
55,41,УлицаСиреневая,b
55,42,ПоселокМаяковского,b
55,43,УлицаСахарова,b
55,44,ПроспектМашиностроителей,b
55,45,Хутор,b
55,46,Сабанеевская,b
55,47,ЯЗДА,b
56,1,ПоселокВеликий,f
56,2,Костромскоешоссе,f
56,3,УлицаПирогова,f
56,4,УлицаИндустриальная,f
56,5,Радиозавод,f
56,6,Больница№2,f
56,7,Нефтебаза,f
56,8,УлицаСветлая,f
56,9,УлицаСудостроителей,f
56,10,Дядьковская,f
56,11,УлицаЛескова,f
56,12,УлицаАкадемикаКолмогорова,f
56,13,УлицаЧернопрудная,f
56,14,ПоселокСокол,f
56,15,Парашютныйпроезд,f
56,16,Суздальскоешоссе,f
56,17,Московскийвокзал,f
56,18,Выемка,f
56,19,УлицаБольшаяФедоровская,f
56,20,УлицаПервомайская,f
56,21,ПлощадьВолкова,f
56,22,Краснаяплощадь,f
56,23,Октябрьскаяплощадь,f
56,24,УлицаДачная,f
56,25,Школа№50,f
56,26,УлицаЛинейная,f
56,27,УлицаКрасноборская,f
56,28,ПроспектМашиностроителей,f
56,29,ПроездДоброхотова,f
56,30,Кинотеатр«Аврора»,f
56,31,УлицаСаукова,f
56,32,УлицаПапанина,f
56,33,Школа№48,f
56,34,УлицаСахарова,f
56,35,Хутор,f
56,36,Сабанеевская,f
56,37,ЯЗДА,f
56,38,ЯЗДА,b
56,39,Сабанеевская,b
56,40,Хутор,b
56,41,УлицаСахарова,b
56,42,УлицаПапанина,b
56,43,УлицаСаукова,b
56,44,Кинотеатр«Аврора»,b
56,45,ПроездДоброхотова,b
56,46,ПроспектМашиностроителей,b
56,47,УлицаКрасноборская,b
56,48,УлицаЛинейная,b
56,49,Школа№50,b
56,50,УлицаДачная,b
56,51,Октябрьскаяплощадь,b
56,52,Краснаяплощадь,b
56,53,ПлощадьВолкова,b
56,54,УлицаКомсомольская,b
56,55,УлицаБольшаяФедоровская,b
56,56,Выемка,b
56,57,Московскийвокзал,b
56,58,ПроспектФрунзе,b
56,59,Суздальскоешоссе,b
56,60,Парашютныйпроезд,b
56,61,ТЦ«Аксон»,b
56,62,ПоселокСокол,b
56,63,УлицаЧернопрудная,b
56,64,УлицаАкадемикаКолмогорова,b
56,65,УлицаЛескова,b
56,66,Дядьковская,b
56,67,УлицаСудостроителей,b
56,68,УлицаСветлая,b
56,69,Нефтебаза,b
56,70,Больница№2,b
56,71,Радиозавод,b
56,72,УлицаИндустриальная,b
56,73,УлицаПирогова,b
56,74,Костромскоешоссе,b
56,75,ПоселокВеликий,b
57,1,УлицаПашуковская,f
57,2,12МКР,f
57,3,Тутаевскоешоссе,f
57,4,УлицаБрагинская,f
57,5,УлицаСтроителей,f
57,6,Ленинградскийпроспект,f
57,7,УлицаВолгоградская,f
57,8,6МКР,f
57,9,УлицаПанина,f
57,10,ПроспектДзержинского,f
57,11,УлицаПионерская,f
57,12,УлицаУрицкого,f
57,13,Трамвайноедепо,f
57,14,ТЦ«Омега»,f
57,15,Торгово-развлекательныйкомплекс«РИО»,f
57,16,Лакокраска,f
57,17,ЗаводОпытныхмашин,f
57,18,ТК«Тандем»,f
57,19,Полимермаш,f
57,20,ТЭЦ-1,f
57,21,ЦНТИ,f
57,22,Октябрьскаяплощадь,f
57,23,УлицаПобеды,f
57,24,УлицаРеспубликанская,f
57,25,Краснаяплощадь,f
57,26,ПлощадьВолкова,f
57,27,УлицаКомсомольская,f
57,28,УлицаРеспубликанская,f
57,29,УлицаЧайковского–УлицаВолодарского–проспектТолбухина–УлицаБольшаяОктябрьская-УлицаКарабулина,f
57,30,УлицаЗеленцовская,f
57,31,Комсомольскаяплощадь,f
57,32,УлицаКрасноперекопская,f
57,33,УлицаБахвалова,f
57,34,УлицаЗакгейма,b
57,35,Домколлектива,b
57,36,УлицаМаланова,b
57,37,Комсомольскаяплощадь,b
57,38,УлицаЗеленцовская,b
57,39,УлицаКарабулина,b
57,40,проспектТолбухина–УлицаПобеды–УлицаЧайковского–Мукомольныйпереулок-УлицаПервомайская,b
57,41,ПлощадьВолкова,b
57,42,Краснаяплощадь,b
57,43,УлицаРеспубликанская,b
57,44,УлицаПобеды,b
57,45,Завод«КрасныйМаяк»,b
57,46,ЦНТИ,b
57,47,ТЭЦ-1,b
57,48,Полимермаш,b
57,49,ТК«Тандем»,b
57,50,ЗаводОпытныхмашин,b
57,51,Лакокраска,b
57,52,Техуглерод,b
57,53,ТЦ«Омега»,b
57,54,Трамвайноедепо,b
57,55,УлицаЕленыКолесовой,b
57,56,УлицаУрицкого,b
57,57,УлицаПионерская,b
57,58,ПроспектДзержинского,b
57,59,УлицаПанина,b
57,60,6МКР,b
57,61,УлицаВолгоградская,b
57,62,Ленинградскийпроспект-УлицаСтроителей,b
57,63,УлицаБрагинская,b
57,64,Тутаевскоешоссе,b
57,65,12МКР-УлицаПашуковская,b
58,1,Школа№51,f
58,2,Улица1-яБольничная,f
58,3,Школа№47,f
58,4,Среднийпоселок,f
58,5,УлицаШоссейная,f
58,6,Университетскийгородок,f
58,7,МедсанчастьЯЗДА,f
58,8,8-йпереулок,f
58,9,Школа№46,f
58,10,Школа№50,f
58,11,УлицаДачная,f
58,12,Завод«КрасныйМаяк»,f
58,13,Гостиница«Турист»,f
58,14,УлицаСоветская,f
58,15,УлицаВоинова,f
58,16,ПлощадьКарлаМаркса,f
58,17,Юбилейнаяплощадь,f
58,18,УлицаКудрявцева,f
58,19,Магазин«Турист»,f
58,20,Юныйтехник,f
58,21,ПоликлиникаСЖД,f
58,22,УлицаЧехова,f
58,23,УлицаБелинского,f
58,24,УлицаЖукова,f
58,25,УлицаДобрынина,f
58,26,ЯМЗ,f
58,27,УлицаПромышленная,f
58,28,ЖБК,f
58,29,Автотранспортноепредприятие,f
58,30,УлицаМеханизаторов,f
58,31,УлицаЕленыКолесовой,f
58,32,УлицаУрицкого,f
58,33,УлицаПионерская,f
58,34,ПроспектДзержинского,f
58,35,УлицаПанина,f
58,36,6МКР,f
58,37,УлицаВолгоградская,f
58,38,Ленинградскийпроспект,f
58,39,УлицаСтроителей,f
58,40,УлицаБрагинская,f
58,41,Тутаевскоешоссе,f
58,42,12МКР,f
58,43,УлицаПашуковская,f
58,44,УлицаПашуковская,b
58,45,12МКР,b
58,46,Тутаевскоешоссе,b
58,47,УлицаБрагинская,b
58,48,УлицаСтроителей,b
58,49,Ленинградскийпроспект,b
58,50,УлицаВолгоградская,b
58,51,6МКР,b
58,52,УлицаПанина,b
58,53,ПроспектДзержинского,b
58,54,УлицаПионерская,b
58,55,УлицаУрицкого,b
58,56,УлицаМеханизаторов,b
58,57,Автотранспортноепредприятие,b
58,58,ЖБК,b
58,59,УлицаПромышленная,b
58,60,ЯМЗ,b
58,61,УлицаЖукова,b
58,62,УлицаБелинского,b
58,63,УлицаЧехова–ПоликлиникаСЖД,b
58,64,ПроспектЛенина,b
58,65,Домобуви,b
58,66,УлицаКудрявцева,b
58,67,Юбилейнаяплощадь,b
58,68,ПлощадьКарлаМаркса,b
58,69,УлицаВойнова,b
58,70,УлицаСоветская,b
58,71,Октябрьскаяплощадь,b
58,72,УлицаДачная,b
58,73,Школа№50,b
58,74,Школа№46,b
58,75,8-йпереулок,b
58,76,МедсанчастьЯЗДА,b
58,77,Университетскийгородок,b
58,78,УлицаШоссейная,b
58,79,Среднийпоселок,b
58,80,Школа№47,b
58,81,Улица1-яБольничная,b
58,82,Школа№51,b
59,1,Полиграфкомбинат,f
59,2,Юныйтехник,f
59,3,Госпиталь,f
59,4,УлицаЖукова,f
59,5,Школа№30,f
59,6,Локомотивноедепо(потребованию)-УлицаЮности,f
59,7,УлицаДобрынина,f
59,8,УлицаЖукова,f
59,9,УлицаБелинского,f
59,10,УлицаЧехова,f
59,11,Институт,f
59,12,ПлощадьКарлаМаркса,f
59,13,УлицаВоинова,f
59,14,УлицаСоветская,f
59,15,Октябрьскаяплощадь,f
59,16,УлицаДачная,f
59,17,Школа№50,f
59,18,УлицаЛинейная,f
59,19,УлицаКрасноборская,f
59,20,ПроспектМашиностроителей,f
59,21,Гараж,f
59,22,Яковлевское,f
59,23,Яковлевское,b
59,24,Гараж,b
59,25,ПроспектМашиностроителей,b
59,26,УлицаКрасноборская,b
59,27,УлицаЛинейная,b
59,28,Школа№50,b
59,29,УлицаДачная,b
59,30,Октябрьскаяплощадь,b
59,31,УлицаПобеды,b
59,32,ПлощадьКарлаМаркса,b
59,33,Институт,b
59,34,УлицаЧехова,b
59,35,УлицаБелинского,b
59,36,УлицаЖукова,b
59,37,УлицаДобрынина,b
59,38,УлицаЮности,b
59,39,УлицаАвтозаводская,b
59,40,Локомотивноедепо,b
59,41,Школа№30,b
59,42,УлицаЖукова,b
59,43,Леонтьевскоекладбище(потребованию),b
59,44,Госпиталь,b
59,45,проспектЛенина,b
59,46,Полиграфкомбинат,b
62,1,Школа№56,f
62,2,Ленинградскийпроспект,f
62,3,УлицаСтроителей,f
62,4,Поселок2-еБрагино,f
62,5,УлицаПанина,f
62,6,ПроспектДзержинского,f
62,7,УлицаПионерская,f
62,8,УлицаУрицкого,f
62,9,УлицаМеханизаторов,f
62,10,Автотранспортноепредприятие,f
62,11,ЖБК,f
62,12,МКР«Промышленный»,f
62,13,УлицаПромышленная,f
62,14,ЯМЗ,f
62,15,УлицаДобрынина,f
62,16,УлицаЮности,f
62,17,УлицаАвтозаводская,f
62,18,Локомотивноедепо-Школа№30,f
62,19,УлицаЖукова,f
62,20,Леонтьевскоекладбище(потребованию),f
62,21,Госпиталь,f
62,22,проспектЛенина,f
62,23,УлицаРыбинская,f
62,24,УлицаГородскойВал,f
62,25,УлицаЛисицына,f
62,26,проспектТолбухина,f
62,27,УлицаПобеды,f
62,28,УлицаЧайковского,f
62,29,Мукомольныйпереулок–Богоявленскаяплощадь-УлицаБольшаяФедоровская,f
62,30,Выемка,f
62,31,Московскийвокзал,f
62,32,ПроспектФрунзе,f
62,33,Железнодорожнаябольница,f
62,34,УлицаГоголя,f
62,35,УлицаГоголя(потребованию),f
62,36,ПоселокМясокомбинат,f
62,37,Мясокомбинат,f
62,38,Учкомбинат,f
62,39,Молокозавод,f
62,40,Улица2-яПутевая,f
62,41,Гараж,f
62,42,Пивзавод,f
62,43,Пивзавод,b
62,44,Гараж,b
62,45,Улица2-яПутевая,b
62,46,Молокозавод,b
62,47,Учкомбинат,b
62,48,Мясокомбинат,b
62,49,ПоселокМясокомбинат,b
62,50,УлицаГоголя,b
62,51,Железнодорожнаябольница,b
62,52,Московскийвокзал,b
62,53,Выемка,b
62,54,УлицаБольшаяФедоровская,b
62,55,Богоявленскаяплощадь–УлицаРеспубликанская,b
62,56,УлицаЧайковского,b
62,57,УлицаВолодарского,b
62,58,проспектТолбухина,b
62,59,УлицаЛисицына,b
62,60,УлицаГородскойВал,b
62,61,УлицаРыбинская,b
62,62,Юныйтехник,b
62,63,Госпиталь,b
62,64,УлицаЖукова,b
62,65,Школа№30,b
62,66,Локомотивноедепо(потребованию),b
62,67,УлицаЮности,b
62,68,УлицаДобрынина,b
62,69,УлицаДобрынина,b
62,70,ЯМЗ,b
62,71,МКР«Промышленный»,b
62,72,УлицаПромышленная,b
62,73,ЖБК,b
62,74,Автотранспортноепредприятие,b
62,75,УлицаМеханизаторов,b
62,76,УлицаЕленыКолесовой,b
62,77,УлицаУрицкого,b
62,78,УлицаПионерская,b
62,79,ПроспектДзержинского,b
62,80,УлицаПанина,b
62,81,Поселок2-еБрагино,b
62,82,УлицаСтроителей,b
62,83,Ленинградскийпроспект,b
62,84,14МКР,b
62,85,Школа№56,b
64,1,Полиграфкомбинат,f
64,2,Юныйтехник,f
64,3,Госпиталь,f
64,4,УлицаЖукова,f
64,5,Школа№30,f
64,6,Локомотивноедепо(потребованию),f
64,7,УлицаЮности,f
64,8,УлицаДобрынина–УлицаЖукова,f
64,9,УлицаБелинского,f
64,10,УлицаЧехова,f
64,11,Институт,f
64,12,ПлощадьКарлаМаркса,f
64,13,УлицаВойнова,f
64,14,УлицаСоветская,f
64,15,Октябрьскаяплощадь,f
64,16,УлицаДачная,f
64,17,Школа№50,f
64,18,УлицаЛинейная,f
64,19,УлицаКрасноборская,f
64,20,ПроспектМашиностроителей,f
64,21,ПроездДоброхотова,f
64,22,Кинотеатр«Аврора»,f
64,23,УлицаСаукова,f
64,24,УлицаПапанина,f
64,25,Школа№48,f
64,26,УлицаСахарова,f
64,27,поселокМаяковского,f
64,28,ПоселокМаяковского,b
64,29,УлицаСахарова,b
64,30,проспектМашиностроителей,b
64,31,УлицаСахарова,b
64,32,УлицаПапанина,b
64,33,УлицаСаукова,b
64,34,Кинотеатр«Аврора»,b
64,35,ПроездДоброхотова,b
64,36,ПроспектМашиностроителей,b
64,37,УлицаКрасноборская,b
64,38,УлицаЛинейная,b
64,39,Школа№50,b
64,40,УлицаДачная,b
64,41,Октябрьскаяплощадь,b
64,42,УлицаПобеды,b
64,43,ПлощадьКарлаМаркса,b
64,44,Институт,b
64,45,УлицаЧехова,b
64,46,УлицаБелинского,b
64,47,УлицаЖукова,b
64,48,УлицаДобрынина,b
64,49,УлицаАвтозаводская,b
64,50,Школа№30,b
64,51,УлицаЖукова,b
64,52,Леонтьевскоекладбище(потребованию),b
64,53,Госпиталь,b
64,54,ПроспектЛенина,b
64,55,Полиграфкомбинат,b
65,1,УлицаГромова,f
65,2,Пельменная,f
65,3,ПроспектДзержинского,f
65,4,УлицаПионерская,f
65,5,УлицаУрицкого,f
65,6,Трамвайноедепо,f
65,7,ТЦ«Омега»,f
65,8,Торгово-развлекательныйкомплекс«РИО»,f
65,9,Лакокраска,f
65,10,НИИМСК,f
65,11,ЯМЗ,f
65,12,Областнаяонкологическаябольница,f
65,13,ПлощадьКарлаМаркса,f
65,14,Юбилейнаяплощадь,f
65,15,УлицаСвободы,f
65,16,УлицаБольшаяОктябрьская,f
65,17,УлицаКарабулина,f
65,18,УлицаЗеленцовская,f
65,19,Комсомольскаяплощадь,f
65,20,УлицаКрасноперекопская,f
65,21,УлицаБахвалова,f
65,22,УлицаГудованцева,f
65,23,БольницаимениСемашко,b
65,24,Комсомольскаяплощадь,b
65,25,УлицаЗеленцовская,b
65,26,УлицаКарабулина,b
65,27,УлицаБольшаяОктябрьская,b
65,28,УлицаСвободы,b
65,29,Юбилейнаяплощадь,b
65,30,ПлощадьКарлаМаркса,b
65,31,Областнаяонкологическаябольница,b
65,32,ЯМЗ,b
65,33,НИИМСК,b
65,34,Лакокраска,b
65,35,Техуглерод,b
65,36,ТЦ«Омега»,b
65,37,Трамвайноедепо,b
65,38,УлицаЕленыКолесовой,b
65,39,УлицаУрицкого,b
65,40,ПроспектДзержинского,b
65,41,Пельменная,b
65,42,УлицаГромова,b
65,43,Школа№29,b
65,44,УлицаПанина,b
66,1,ЖК«Норскиерезиденции»,f
66,2,УлицаРомановская,f
66,3,Школа№17,f
66,4,УлицаКрасноперевальская,f
66,5,РекаНора,f
66,6,УлицаКуропаткова,f
66,7,Троицкаяаптека,f
66,8,фабрика«КрасныйПеревал»,f
66,9,УлицаПашуковская-12МКР,f
66,10,Больница№9,f
66,11,Яблоневыйпосад,f
66,12,Мостоотряд,f
66,13,Поликлиника№5,f
66,14,Павловскийпарк,f
66,15,УлицаУрицкого,f
66,16,УлицаЕленыКолесовой,f
66,17,Областнаядетскаяклиническаябольница,f
66,18,Сельхозакадемия,f
66,19,ПарижскаяКоммуна,f
66,20,Техуглерод,f
66,21,Лакокраска,f
66,22,НИИМСК,f
66,23,ЯМЗ,f
66,24,Областнаяонкологическаябольница,f
66,25,ПлощадьКарлаМаркса,f
66,26,УлицаПобеды,f
66,27,УлицаРеспубликанская,f
66,28,Краснаяплощадь,f
66,29,ПлощадьВолкова,f
66,30,УлицаКомсомольская,f
66,31,УлицаБольшаяФедоровская,f
66,32,Выемка,f
66,33,Московскийвокзал,f
66,34,ПроспектФрунзе,f
66,35,Железнодорожнаябольница,f
66,36,УлицаГоголя,f
66,37,Больница№8,f
66,38,Школа,f
66,39,УлицаСлепнева,f
66,40,УлицаДоронина,f
66,41,УлицаНьютона,f
66,42,УлицаКалинина,f
66,43,УлицаРыкачева,f
66,44,УлицаМенделеева,f
66,45,Спорткомплекс«Атлант»,f
66,46,Больничныйгородок,f
66,47,Арена-2000,f
66,48,Спорткомплекс«Атлант»,b
66,49,УлицаМенделеева,b
66,50,УлицаНефтяников,b
66,51,УлицаКалинина,b
66,52,УлицаНьютона,b
66,53,УлицаДоронина,b
66,54,УлицаСлепнева,b
66,55,Школа,b
66,56,Больница№8,b
66,57,УлицаГоголя,b
66,58,Железнодорожнаябольница,b
66,59,Московскийвокзал,b
66,60,Выемка,b
66,61,УлицаБольшаяФедоровская,b
66,62,УлицаПервомайская,b
66,63,ПлощадьВолкова,b
66,64,Краснаяплощадь,b
66,65,УлицаРеспубликанская,b
66,66,УлицаПобеды,b
66,67,ПлощадьКарлаМаркса,b
66,68,Областнаяонкологическаябольница,b
66,69,ЯМЗ,b
66,70,НИИМСК,b
66,71,Лакокраска,b
66,72,Техуглерод,b
66,73,ПарижскаяКоммуна,b
66,74,Сельхозакадемия,b
66,75,Областнаядетскаяклиническаябольница,b
66,76,УлицаЕленыКолесовой,b
66,77,УлицаУрицкого,b
66,78,Павловскийпарк,b
66,79,Поликлиника№5,b
66,80,Мостоотряд,b
66,81,Яблоневыйпосад,b
66,82,Больница№9,b
66,83,12МКР-УлицаПашуковская,b
66,84,фабрика«КрасныйПеревал»,b
66,85,Троицкаяаптека,b
66,86,УлицаКуропаткова,b
66,87,РекаНора,b
66,88,УлицаКрасноперевальская,b
66,89,Школа№17,b
66,90,ЖК«Норскиерезиденции»,b
68,1,Школа№59,f
68,2,Кинотеатр«Аврора»,f
68,3,ПроездДоброхотова,f
68,4,ПроспектМашиностроителей,f
68,5,УлицаКрасноборская,f
68,6,УлицаЛинейная,f
68,7,Школа№50,f
68,8,УлицаДачная,f
68,9,Октябрьскаяплощадь,f
68,10,Краснаяплощадь,f
68,11,ПлощадьВолкова,f
68,12,УлицаКомсомольская,f
68,13,УлицаБольшаяФедоровская,f
68,14,Выемка,f
68,15,Московскийвокзал,f
68,16,ЖК«ЯрославльСити»,f
68,17,Автовокзал,f
68,18,Техническийуниверситет,f
68,19,Арена-2000,f
68,20,Больничныйгородок,f
68,21,Спорткомплекс«Атлант»,f
68,22,УлицаМенделеева,f
68,23,Бытовыетовары,f
68,24,Бытовыетовары,b
68,25,УлицаРыкачева,b
68,26,УлицаМенделеева,b
68,27,Спорткомплекс«Атлант»,b
68,28,Больничныйгородок,b
68,29,«Арена-2000»,b
68,30,УлицаГагарина,b
68,31,Техническийуниверситет,b
68,32,Автовокзал,b
68,33,Московскийвокзал,b
68,34,Выемка,b
68,35,УлицаБольшаяФедоровская,b
68,36,УлицаПервомайская,b
68,37,ПлощадьВолкова,b
68,38,Краснаяплощадь,b
68,39,Октябрьскаяплощадь,b
68,40,УлицаДачная,b
68,41,Школа№50,b
68,42,УлицаЛинейная,b
68,43,УлицаКрасноборская,b
68,44,ПроспектМашиностроителей,b
68,45,ПроездДоброхотова,b
68,46,Кинотеатр«Аврора»,b
68,47,Школа№59,b
70,1,Троицкаяаптека,f
70,2,УлицаКуропаткова,f
70,3,РекаНора,f
70,4,УлицаКрасноперевальская,f
70,5,Школа№17,f
70,6,НЗКИ,f
70,7,УлицаРомановская,f
70,8,15МКР,f
70,9,Школа№56,f
70,10,14МКР,f
70,11,ПроспектДзержинского,b
70,12,УлицаПионерская,b
70,13,УлицаУрицкого,b
70,14,Домодежды,b
70,15,ЖилойкомплексОктябрь,b
70,16,УлицаУрицкого,b
70,17,Павловскийпарк,b
70,18,Поликлиника№5-Мостотряд,b
70,19,ЯблоневыйПосад,b
70,20,2-йБрагинскийпроезд,b
70,21,Поселок2-еБрагино,b
70,22,УлицаБрагинская,b
70,23,Тутаевскоешоссе,b
70,24,12МКР,b
70,25,УлицаПашуковская,b
71,1,Новоселки,f
71,2,УлицаКалинина,f
71,3,Крестобогородская,f
71,4,УлицаСлепнева,f
71,5,Арена-2000,f
71,6,Техническийуниверситет,f
71,7,Автовокзал,f
71,8,Московскийвокзал,f
71,9,Выемка,f
71,10,УлицаБольшаяФедоровская,f
71,11,УлицаПервомайская,f
71,12,Знаменскаябашня,f
71,13,ПлощадьЮности,f
71,14,ПлощадьТруда,f
71,15,ПроспектТолбухина,f
71,16,Жилойкомплекс«Династия»,f
71,17,Юныйтехник,f
71,18,Госпиталь,f
71,19,УлицаЖукова,f
71,20,Школа№30,f
71,21,Локомотивноедепо(потребованию),f
71,22,УлицаЮности,f
71,23,УлицаДобрынина,f
71,24,УлицаДобрынина,f
71,25,ЯМЗ,f
71,26,МКР«Промышленный»,f
71,27,УлицаПромышленная,f
71,28,ЖБК,f
71,29,Автотранспортноепредприятие,f
71,30,УлицаМеханизаторов,f
71,31,УлицаЕленыКолесовой,f
71,32,УлицаУрицкого,f
71,33,УлицаПионерская,f
71,34,ПроспектДзержинского,f
71,35,Пельменная,f
71,36,УлицаГромова,f
71,37,Школа№29,f
71,38,ЯЗХМ(частьрейсов:Осташинскоекладбище,f
71,39,улицаГромова…),f
71,40,УлицаГромова,b
71,41,Пельменная,b
71,42,ПроспектДзержинского,b
71,43,УлицаПионерская,b
71,44,УлицаУрицкого,b
71,45,УлицаМеханизаторов,b
71,46,Автотранспортноепредприятие,b
71,47,ЖБК,b
71,48,МКР«Промышленный»,b
71,49,УлицаПромышленная,b
71,50,ЯМЗ,b
71,51,УлицаДобрынина,b
71,52,УлицаАвтозаводская,b
71,53,Школа№30,b
71,54,УлицаЖукова,b
71,55,Леонтьевскоекладбище(потребованию),b
71,56,Госпиталь,b
71,57,ПроспектЛенина,b
71,58,Жилойкомплекс«Династия»,b
71,59,ПроспектТолбухина,b
71,60,ПлощадьТруда,b
71,61,ПлощадьЮности,b
71,62,УлицаКомсомольская,b
71,63,УлицаБольшаяФедоровская,b
71,64,Выемка,b
71,65,Московскийвокзал,b
71,66,ЖК«ЯрославльСити»,b
71,67,Автовокзал,b
71,68,Техническийуниверситет,b
71,69,Арена-2000,b
71,70,УлицаПавлова,b
71,71,Крестобогородская,b
71,72,УлицаКалинина,b
71,73,Новоселки(частьрейсов:Осташинскоекладбище,b
71,74,улицаГромова…),b
71,1,Новоселки,f
71,2,УлицаКалинина,f
71,3,Крестобогородская,f
71,4,УлицаСлепнева,f
71,5,Арена-2000,f
71,6,Техническийуниверситет,f
71,7,Автовокзал,f
71,8,Московскийвокзал,f
71,9,Выемка,f
71,10,УлицаБольшаяФедоровская,f
71,11,УлицаПервомайская,f
71,12,Знаменскаябашня,f
71,13,ПлощадьЮности,f
71,14,ПлощадьТруда,f
71,15,ПроспектТолбухина,f
71,16,Жилойкомплекс«Династия»,f
71,17,Юныйтехник,f
71,18,Госпиталь,f
71,19,УлицаЖукова,f
71,20,Школа№30,f
71,21,Локомотивноедепо(потребованию),f
71,22,УлицаЮности,f
71,23,УлицаДобрынина,f
71,24,УлицаДобрынина,f
71,25,ЯМЗ,f
71,26,МКР«Промышленный»,f
71,27,УлицаПромышленная,f
71,28,ЖБК,f
71,29,Автотранспортноепредприятие,f
71,30,УлицаМеханизаторов,f
71,31,УлицаЕленыКолесовой,f
71,32,УлицаУрицкого,f
71,33,УлицаПионерская,f
71,34,ПроспектДзержинского,f
71,35,Пельменная,f
71,36,УлицаГромова,f
71,37,Школа№29,f
71,38,ЯЗХМ(частьрейсов:Осташинскоекладбище,f
71,39,улицаГромова…),f
71,40,УлицаГромова,b
71,41,Пельменная,b
71,42,ПроспектДзержинского,b
71,43,УлицаПионерская,b
71,44,УлицаУрицкого,b
71,45,УлицаМеханизаторов,b
71,46,Автотранспортноепредприятие,b
71,47,ЖБК,b
71,48,МКР«Промышленный»,b
71,49,УлицаПромышленная,b
71,50,ЯМЗ,b
71,51,УлицаДобрынина,b
71,52,УлицаАвтозаводская,b
71,53,Школа№30,b
71,54,УлицаЖукова,b
71,55,Леонтьевскоекладбище(потребованию),b
71,56,Госпиталь,b
71,57,ПроспектЛенина,b
71,58,Жилойкомплекс«Династия»,b
71,59,ПроспектТолбухина,b
71,60,ПлощадьТруда,b
71,61,ПлощадьЮности,b
71,62,УлицаКомсомольская,b
71,63,УлицаБольшаяФедоровская,b
71,64,Выемка,b
71,65,Московскийвокзал,b
71,66,ЖК«ЯрославльСити»,b
71,67,Автовокзал,b
71,68,Техническийуниверситет,b
71,69,Арена-2000,b
71,70,УлицаПавлова,b
71,71,Крестобогородская,b
71,72,УлицаКалинина,b
71,73,Новоселки(частьрейсов:Осташинскоекладбище,b
71,74,улицаГромова…),b
76,1,Крестобогородская,f
76,2,УлицаСлепнева,f
76,3,Арена-2000,f
76,4,Техническийуниверситет,f
76,5,Автовокзал,f
76,6,Московскийвокзал,f
76,7,Выемка,f
76,8,УлицаБольшаяФедоровская,f
76,9,УлицаПервомайская,f
76,10,ПлощадьЮности,f
76,11,ПлощадьТруда,f
76,12,ПроспектТолбухина,f
76,13,Жилойкомплекс«Династия»,f
76,14,Полиграфкомбинат,f
76,15,Полиграфкомбинат,b
76,16,Жилойкомплекс«Династия»,b
76,17,ПроспектТолбухина,b
76,18,ПлощадьТруда,b
76,19,ПлощадьЮности,b
76,20,УлицаКомсомольская,b
76,21,УлицаБольшаяФедоровская,b
76,22,Выемка,b
76,23,Московскийвокзал,b
76,24,ЖК«ЯрославльСити»,b
76,25,Автовокзал,b
76,26,Техническийуниверситет,b
76,27,Арена-2000,b
76,28,УлицаПавлова,b
76,29,Крестобогородская,b
77,1,14МКР,f
77,2,Школа№56,f
77,3,УлицаРомановская,f
77,4,НЗКИ,f
77,5,Школа№17,f
77,6,УлицаКрасноперевальская,f
77,7,РекаНора,f
77,8,УлицаКуропаткова,f
77,9,Троицкаяаптека,f
77,10,УлицаПашуковская,b
77,11,12МКР–Тутаевскоешоссе–улицаБрагинская–Поселок2-еБрагино–2-йБрагинскийпроезд-Мостотряд–Поликлиника№5–Павловскийпарк–Жилойкомплекс«Октябрь»–Домодежды–УлицаУрицкого,b
77,12,ПроспектДзержинского,b
77,13,Кинотеатр«Победа»,b
78П,1,ПлощадьТруда,f
78П,2,Жилойкомплекс«Династия»,f
78П,3,Юныйтехник,f
78П,4,УлицаЖукова,f
78П,5,УлицаЮности,f
78П,6,УлицаДобрынина,f
78П,7,УлицаПромышленная,f
78П,8,УлицаЕленыКолесовой,f
78П,9,УлицаУрицкого,f
78П,10,УлицаПионерская,f
78П,11,ПроспектДзержинского,f
78П,12,УлицаПанина,f
78П,13,6МКР,f
78П,14,УлицаВолгоградская,f
78П,15,14МКР,f
78П,16,Школа№56,f
78П,17,,b
79,1,ЯЗХМ,f
79,2,УлицаГромова,f
79,3,Пельменная,f
79,4,ПроспектДзержинского,f
79,5,УлицаПионерская,f
79,6,УлицаУрицкого,f
79,7,Трамвайноедепо,f
79,8,ТЦ«Омега»,f
79,9,Торгово-развлекательныйкомплекс«РИО»,f
79,10,Лакокраска,f
79,11,НИИМСК,f
79,12,ЯМЗ,f
79,13,Областнаяонкологическаябольница,f
79,14,ПлощадьКарлаМаркса,f
79,15,ЮбилейнаяПлощадь,f
79,16,УлицаСвободы,f
79,17,УлицаБольшаяОктябрьская,f
79,18,ФедоровскийСобор,f
79,19,УлицаНаумова,f
79,20,УлицаМалаяПролетарская,f
79,21,УлицаМельничная,f
79,22,Вишняки,f
79,23,Речнойпорт,f
79,24,Стройдеталь,f
79,25,Шпалозавод,f
79,26,Таксопарк,f
79,27,УлицаИльинская,f
79,28,УлицаКорабельная,f
79,29,УлицаСпортивная,f
79,30,Нефтебаза,f
79,31,Больница№2,f
79,32,Радиозавод,f
79,33,УлицаИндустриальная,f
79,34,УлицаИндустриальная,b
79,35,Радиозавод,b
79,36,Больница№2,b
79,37,Нефтебаза,b
79,38,УлицаСпортивная,b
79,39,УлицаКорабельная,b
79,40,УлицаИльинская,b
79,41,Таксопарк,b
79,42,Шпалозавод,b
79,43,Стройдеталь,b
79,44,Речнойпорт,b
79,45,Вишняки,b
79,46,УлицаМельничная,b
79,47,УлицаМалаяПролетарская,b
79,48,УлицаНаумова,b
79,49,Федоровскийсобор,b
79,50,УлицаБольшаяОктябрьская,b
79,51,УлицаСвободы,b
79,52,Юбилейнаяплощадь,b
79,53,ПлощадьКарлаМаркса,b
79,54,Областнаяонкологическаябольница,b
79,55,ЯМЗ,b
79,56,НИИМСК,b
79,57,Лакокраска,b
79,58,Техуглерод,b
79,59,ТЦ«Омега»,b
79,60,Трамвайноедепо,b
79,61,УлицаЕленыКолесовой,b
79,62,УлицаУрицкого,b
79,63,ПроспектДзержинского,b
79,64,Пельменная,b
79,65,УлицаГромова,b
79,66,Школа№29,b
79,67,УлицаПанина,b
84,1,УлицаПирогова,f
84,2,Школа№88,f
84,3,УлицаЯрославская,f
84,4,Школа№88,f
84,5,УлицаПирогова,f
84,6,УлицаИндустриальная,f
84,7,Радиозавод,f
84,8,Больница№2,f
84,9,Нефтебаза,f
84,10,УлицаСпортивная,f
84,11,УлицаКорабельная,f
84,12,УлицаИльинская,f
84,13,Таксопарк,f
84,14,Шпалозавод,f
84,15,Стройдеталь,f
84,16,Речнойпорт,f
84,17,Вишняки,f
84,18,УлицаМельничная,f
84,19,УлицаМалаяПролетарская,f
84,20,УлицаПервомайская,f
84,21,ПлощадьВолкова,f
84,22,Краснаяплощадь,f
84,23,Октябрьскаяплощадь,f
84,24,УлицаДачная,f
84,25,Школа№50,f
84,26,УлицаЛинейная,f
84,27,УлицаКрасноборская,f
84,28,ПроспектМашиностроителей,f
84,29,Гараж,f
84,30,Яковлевское,f
84,31,Яковлевское,b
84,32,Гараж,b
84,33,ПроспектМашиностроителей,b
84,34,УлицаКрасноборская,b
84,35,УлицаЛинейная,b
84,36,Школа№50,b
84,37,УлицаДачная,b
84,38,Октябрьскаяплощадь,b
84,39,Краснаяплощадь,b
84,40,ПлощадьВолкова,b
84,41,УлицаКомсомольская,b
84,42,УлицаМалаяПролетарская,b
84,43,УлицаМельничная,b
84,44,Вишняки,b
84,45,Речнойпорт,b
84,46,Стройдеталь,b
84,47,Шпалозавод,b
84,48,Таксопарк,b
84,49,УлицаИльинская,b
84,50,УлицаКорабельная,b
84,51,УлицаСпортивная,b
84,52,Нефтебаза,b
84,53,Больница№2,b
84,54,Радиозавод,b
84,55,УлицаИндустриальная,b
84,56,УлицаПирогова,b
84,57,Школа№88,b
84,58,УлицаЯрославская,b
84,59,Школа№88,b
84,60,УлицаПирогова,b
84,1,УлицаПирогова,f
84,2,Школа№88,f
84,3,УлицаЯрославская,f
84,4,Школа№88,f
84,5,УлицаПирогова,f
84,6,УлицаИндустриальная,f
84,7,Радиозавод,f
84,8,Больница№2,f
84,9,Нефтебаза,f
84,10,УлицаСпортивная,f
84,11,УлицаКорабельная,f
84,12,УлицаИльинская,f
84,13,Таксопарк,f
84,14,Шпалозавод,f
84,15,Стройдеталь,f
84,16,Речнойпорт,f
84,17,Вишняки,f
84,18,УлицаМельничная,f
84,19,УлицаМалаяПролетарская,f
84,20,УлицаПервомайская,f
84,21,ПлощадьВолкова,f
84,22,Краснаяплощадь,f
84,23,Октябрьскаяплощадь,f
84,24,УлицаДачная,f
84,25,Школа№50,f
84,26,УлицаЛинейная,f
84,27,УлицаКрасноборская,f
84,28,ПроспектМашиностроителей,f
84,29,Гараж,f
84,30,Яковлевское,f
84,31,Яковлевское,b
84,32,Гараж,b
84,33,ПроспектМашиностроителей,b
84,34,УлицаКрасноборская,b
84,35,УлицаЛинейная,b
84,36,Школа№50,b
84,37,УлицаДачная,b
84,38,Октябрьскаяплощадь,b
84,39,Краснаяплощадь,b
84,40,ПлощадьВолкова,b
84,41,УлицаКомсомольская,b
84,42,УлицаМалаяПролетарская,b
84,43,УлицаМельничная,b
84,44,Вишняки,b
84,45,Речнойпорт,b
84,46,Стройдеталь,b
84,47,Шпалозавод,b
84,48,Таксопарк,b
84,49,УлицаИльинская,b
84,50,УлицаКорабельная,b
84,51,УлицаСпортивная,b
84,52,Нефтебаза,b
84,53,Больница№2,b
84,54,Радиозавод,b
84,55,УлицаИндустриальная,b
84,56,УлицаПирогова,b
84,57,Школа№88,b
84,58,УлицаЯрославская,b
84,59,Школа№88,b
84,60,УлицаПирогова,b
85,1,УлицаДекабристов,f
85,2,УлицаГудованцева,f
85,3,УлицаЗакгейма,f
85,4,Домколлектива,f
85,5,УлицаМаланова,f
85,6,Комсомольскаяплощадь,f
85,7,УлицаЗеленцовская,f
85,8,УлицаКарабулина,f
85,9,УлицаБольшаяОктябрьская,f
85,10,УлицаСвободы,f
85,11,Юбилейнаяплощадь,f
85,12,ПлощадьКарлаМаркса–УлицаВоинова–УлицаСоветская,f
85,13,Октябрьскаяплощадь,f
85,14,УлицаДачная,f
85,15,Школа№50,f
85,16,УлицаЛинейная,f
85,17,УлицаКрасноборская,f
85,18,ПроспектМашиностроителей,f
85,19,ПроездДоброхотова,f
85,20,Кинотеатр«Аврора»,f
85,21,УлицаСаукова,f
85,22,УлицаПапанина,f
85,23,Школа№48,f
85,24,УлицаСахарова,f
85,25,Хутор,f
85,26,Сабанеевская,f
85,27,ЯЗДА,f
85,28,ЯЗДА,b
85,29,Сабанеевская,b
85,30,Хутор,b
85,31,УлицаСахарова,b
85,32,УлицаПапанина,b
85,33,УлицаСаукова,b
85,34,Кинотеатр«Аврора»,b
85,35,ПроездДоброхотова,b
85,36,ПроспектМашиностроителей,b
85,37,УлицаКрасноборская,b
85,38,УлицаЛинейная,b
85,39,Школа№50,b
85,40,УлицаДачная,b
85,41,Завод«КрасныйМаяк»,b
85,42,Гостиница«Турист»,b
85,43,УлицаСоветская,b
85,44,ПроспектЛенина,b
85,45,ЯШЗ,b
85,46,УлицаВоинова,b
85,47,ПлощадьКарлаМаркса,b
85,48,Юбилейнаяплощадь,b
85,49,УлицаСвободы,b
85,50,УлицаБольшаяОктябрьская,b
85,51,УлицаКарабулина,b
85,52,УлицаЗеленцовская,b
85,53,Комсомольскаяплощадь,b
85,54,УлицаКрасноперекопская,b
85,55,5-ялиния,b
85,56,9-ялиния,b
85,57,16-ялиния,b
85,58,улицаЦентральная,b
90С,1,ЯЗХМ,f
90С,2,УлицаГромова,f
90С,3,Пельменная,f
90С,4,Невскийрынок,f
90С,5,УлицаУрицкого,f
90С,6,Домодежды,f
90С,7,Жилойкомплекс«Октябрь»,f
90С,8,УлицаУрицкого,f
90С,9,УлицаЕленыКолесовой,f
90С,10,Областнаядетскаяклиническаябольница,f
90С,11,Сельхозакадемия,f
90С,12,ПарижскаяКоммуна,f
90С,13,Техуглерод,f
90С,14,Лакокраска,f
90С,15,НИИМСК,f
90С,16,ЯМЗ,f
90С,17,Областнаяонкологическаябольница,f
90С,18,ПлощадьКарлаМаркса,f
90С,19,УлицаВоинова,f
90С,20,УлицаСоветская,f
90С,21,Октябрьскаяплощадь,f
90С,22,УлицаДачная,f
90С,23,Школа№50,f
90С,24,УлицаЛинейная,f
90С,25,УлицаКрасноборская,f
90С,26,ПроспектМашиностроителей,f
90С,27,Гараж,f
90С,28,Яковлевское,f
90С,29,Яковлевское,b
90С,30,Гараж,b
90С,31,ПроспектМашиностроителей,b
90С,32,УлицаКрасноборская,b
90С,33,УлицаЛинейная,b
90С,34,Школа№50,b
90С,35,УлицаДачная,b
90С,36,Октябрьскаяплощадь,b
90С,37,УлицаПобеды,b
90С,38,ПлощадьКарлаМаркса,b
90С,39,Областнаяонкологическаябольница,b
90С,40,ЯМЗ,b
90С,41,НИИМСК,b
90С,42,Лакокраска,b
90С,43,Техуглерод,b
90С,44,ПарижскаяКоммуна,b
90С,45,Сельхозакадемия,b
90С,46,Областнаядетскаяклиническаябольница,b
90С,47,УлицаЕленыКолесовой,b
90С,48,Жилойкомплекс«Октябрь»,b
90С,49,Домодежды,b
90С,50,Невскийрынок,b
90С,51,Пельменная,b
90С,52,УлицаГромова,b
90С,53,Школа№29,b
90С,54,УлицаПанина,b
92,1,Спорткомплекс«Атлант»,f
92,2,Больничныйгородок,f
92,3,Арена-2000,f
92,4,УлицаГагарина,f
92,5,Техническийуниверситет,f
92,6,Автовокзал,f
92,7,Московскийвокзал,f
92,8,Выемка,f
92,9,УлицаБольшаяФедоровская,f
92,10,УлицаПервомайская,f
92,11,Краснаяплощадь,f
92,12,Кинотеатр«Родина»,f
92,13,ПроспектЛенина,f
92,14,ПроспектЛенина,b
92,15,Кинотеатр«Родина»,b
92,16,Краснаяплощадь,b
92,17,ПлощадьВолкова,b
92,18,УлицаКомсомольская,b
92,19,УлицаБольшаяФедоровская,b
92,20,Выемка,b
92,21,Московскийвокзал,b
92,22,ЖК«ЯрославльСити»,b
92,23,Автовокзал,b
92,24,Техническийуниверситет,b
92,25,УлицаГагарина,b
92,26,Больничныйгородок,b
93Г,1,ДОП,f
93Г,2,УлицаБакуниха(потребованию),f
93Г,3,Элеваторная,f
93Г,4,Хлебозавод,f
93Г,5,Улица6-яОвражная,f
93Г,6,Магазин№10,f
93Г,7,Магазин№55,f
93Г,8,Хлебобаза,f
93Г,9,Резинотехника,f
93Г,10,Магазин«Орбита»,f
93Г,11,Сортировочная,f
93Г,12,УлицаСпартаковская,f
93Г,13,УлицаПанфилова,f
93Г,14,Толгоболь,f
93Г,15,УлицаЖелезнодорожнаяселаТолгоболь,f
93Г,16,КрасныйКустарь,f
93Г,17,Бутрево,f
93Г,18,ЛесныеПоляны,f
93Г,19,Производственнаякомпания«Ярославич»,f
93Г,20,Куксенки,f
93Г,21,Техуглерод,f
93Г,22,Лакокраска,f
93Г,23,НИИМСК,f
93Г,24,ЯМЗ,f
93Г,25,Областнаяонкологическаябольница,f
93Г,26,ПлощадьКарлаМаркса,f
93Г,27,Юбилейнаяплощадь,f
93Г,28,УлицаКудрявцева,f
93Г,29,Магазин«Турист»,f
93Г,30,Полиграфкомбинат,f
93Г,31,Полиграфкомбинат,b
93Г,32,Домобуви,b
93Г,33,УлицаКудрявцева,b
93Г,34,Юбилейнаяплощадь,b
93Г,35,ПлощадьКарлаМаркса,b
93Г,36,Областнаяонкологическаябольница,b
93Г,37,ЯМЗ,b
93Г,38,НИИМСК,b
93Г,39,Лакокраска,b
93Г,40,Куксенки,b
93Г,41,Производственнаякомпания«Ярославич»,b
93Г,42,ЛесныеПоляны,b
93Г,43,Бутрево,b
93Г,44,КрасныйКустарь,b
93Г,45,УлицаЖелезнодорожнаяселаТолгоболь,b
93Г,46,Толгоболь,b
93Г,47,УлицаПанфилова,b
93Г,48,УлицаСпартаковская,b
93Г,49,Сортировочная,b
93Г,50,Магазин«Орбита»,b
93Г,51,Резинотехника,b
93Г,52,Хлебозавод,b
93Г,53,Магазин№55,b
93Г,54,Магазин№10,b
93Г,55,Улица6-яОвражная,b
93Г,56,Хлебобаза,b
93Г,57,Элеваторная,b
93Г,58,УлицаБакуниха(потребованию),b
93Г,59,ДОП,b
94,1,УлицаЮности,f
94,2,УлицаДобрынина,f
94,3,УлицаЖукова,f
94,4,УлицаБелинского,f
94,5,УлицаЧехова,f
94,6,Институт,f
94,7,ПлощадьКарлаМаркса,f
94,8,УлицаПобеды,f
94,9,УлицаРеспубликанская,f
94,10,Краснаяплощадь,f
94,11,ПлощадьВолкова,f
94,12,УлицаКомсомольская,f
94,13,УлицаБольшаяФедоровская,f
94,14,Выемка,f
94,15,Московскийвокзал,f
94,16,ЖК«ЯрославльСити»,f
94,17,Больница№8,f
94,18,Школа,f
94,19,УлицаСлепнева,f
94,20,УлицаДоронина,f
94,21,УлицаНьютона,f
94,22,Новоселки,f
94,23,Новоселки,b
94,24,УлицаНьютона,b
94,25,УлицаДоронина,b
94,26,УлицаСлепнева,b
94,27,Школа,b
94,28,Больница№8,b
94,29,Автовокзал,b
94,30,Московскийвокзал,b
94,31,Выемка,b
94,32,УлицаБольшаяФедоровская,b
94,33,УлицаПервомайская,b
94,34,ПлощадьВолкова,b
94,35,Краснаяплощадь,b
94,36,УлицаРеспубликанская,b
94,37,УлицаПобеды,b
94,38,ПлощадьКарлаМаркса,b
94,39,Институт,b
94,40,УлицаЧехова,b
94,41,УлицаБелинского,b
94,42,УлицаЖукова,b
94,43,УлицаДобрынина,b
94,1,УлицаЮности,f
94,2,УлицаДобрынина,f
94,3,УлицаЖукова,f
94,4,УлицаБелинского,f
94,5,УлицаЧехова,f
94,6,Институт,f
94,7,ПлощадьКарлаМаркса,f
94,8,УлицаПобеды,f
94,9,УлицаРеспубликанская,f
94,10,Краснаяплощадь,f
94,11,ПлощадьВолкова,f
94,12,УлицаКомсомольская,f
94,13,УлицаБольшаяФедоровская,f
94,14,Выемка,f
94,15,Московскийвокзал,f
94,16,ЖК«ЯрославльСити»,f
94,17,Больница№8,f
94,18,Школа,f
94,19,УлицаСлепнева,f
94,20,УлицаДоронина,f
94,21,УлицаНьютона,f
94,22,Новоселки,f
94,23,Новоселки,b
94,24,УлицаНьютона,b
94,25,УлицаДоронина,b
94,26,УлицаСлепнева,b
94,27,Школа№,b
94,28,Больница№8,b
94,29,Автовокзал,b
94,30,Московскийвокзал,b
94,31,Выемка,b
94,32,УлицаБольшаяФедоровская,b
94,33,УлицаПервомайская,b
94,34,ПлощадьВолкова,b
94,35,Краснаяплощадь,b
94,36,УлицаРеспубликанская,b
94,37,УлицаПобеды,b
94,38,ПлощадьКарлаМаркса,b
94,39,Институт,b
94,40,УлицаЧехова,b
94,41,УлицаБелинского,b
94,42,УлицаЖукова,b
94,43,УлицаДобрынина,b
94,1,УлицаЮности,f
94,2,УлицаДобрынина,f
94,3,УлицаЖукова,f
94,4,УлицаБелинского,f
94,5,УлицаЧехова,f
94,6,Институт,f
94,7,ПлощадьКарлаМаркса,f
94,8,УлицаПобеды,f
94,9,УлицаРеспубликанская,f
94,10,Краснаяплощадь,f
94,11,ПлощадьВолкова,f
94,12,УлицаКомсомольская,f
94,13,УлицаБольшаяФедоровская,f
94,14,Выемка,f
94,15,Московскийвокзал,f
94,16,ЖК«ЯрославльСити»,f
94,17,Больница№8,f
94,18,Школа,f
94,19,УлицаСлепнева,f
94,20,УлицаДоронина,f
94,21,УлицаНьютона,f
94,22,Новоселки,f
94,23,Новоселки,b
94,24,УлицаНьютона,b
94,25,УлицаДоронина,b
94,26,УлицаСлепнева,b
94,27,Школа,b
94,28,Больница№8,b
94,29,Автовокзал,b
94,30,Московскийвокзал,b
94,31,Выемка,b
94,32,УлицаБольшаяФедоровская,b
94,33,УлицаПервомайская,b
94,34,ПлощадьВолкова,b
94,35,Краснаяплощадь,b
94,36,УлицаРеспубликанская,b
94,37,УлицаПобеды,b
94,38,ПлощадьКарлаМаркса,b
94,39,Институт,b
94,40,УлицаЧехова,b
94,41,УлицаБелинского,b
94,42,УлицаЖукова,b
94,43,УлицаДобрынина,b
97,1,Ленинградскийпроспект,f
97,2,УлицаВолгоградская,f
97,3,6МКР,f
97,4,УлицаПанина,f
97,5,ПроспектДзержинского,f
97,6,УлицаПионерская,f
97,7,УлицаУрицкого,f
97,8,Трамвайноедепо,f
97,9,ТЦ«Омега»,f
97,10,Торгово-развлекательныйкомплекс«РИО»,f
97,11,Лакокраска,f
97,12,НИИМСК,f
97,13,ЯМЗ,f
97,14,Областнаяонкологическаябольница,f
97,15,ПлощадьКарлаМаркса,f
97,16,УлицаПобеды,f
97,17,УлицаРеспубликанская,f
97,18,Краснаяплощадь,f
97,19,ПлощадьВолкова,f
97,20,УлицаКомсомольская,f
97,21,УлицаБольшаяФедоровская,f
97,22,Выемка,f
97,23,Московскийвокзал,f
97,24,ЖК«ЯрославльСити»,f
97,25,Автовокзал,f
97,26,Техническийуниверситет,f
97,27,УлицаГагарина,f
97,28,Больничныйгородок,f
97,29,Спорткомплекс«Атлант»,f
97,30,УлицаМенделеева,f
97,31,Бытовыетовары,f
97,32,Бытовыетовары,b
97,33,УлицаРыкачева,b
97,34,УлицаМенделеева,b
97,35,Спорткомплекс«Атлант»,b
97,36,Больничныйгородок,b
97,37,Арена-2000,b
97,38,УлицаГагарина,b
97,39,Техническийуниверситет,b
97,40,Автовокзал,b
97,41,Московскийвокзал,b
97,42,Выемка,b
97,43,УлицаБольшаяФедоровская,b
97,44,УлицаПервомайская,b
97,45,ПлощадьВолкова,b
97,46,Краснаяплощадь,b
97,47,УлицаРеспубликанская,b
97,48,УлицаПобеды,b
97,49,ПлощадьКарлаМаркса,b
97,50,Областнаяонкологическаябольница,b
97,51,ЯМЗ,b
97,52,НИИМСК,b
97,53,Лакокраска,b
97,54,Техуглерод,b
97,55,ТЦ«Омега»,b
97,56,Трамвайноедепо,b
97,57,УлицаЕленыКолесовой,b
97,58,УлицаУрицкого,b
97,59,УлицаПионерская,b
97,60,ПроспектДзержинского,b
97,61,УлицаПанина,b
97,62,6МКР,b
97,63,УлицаВолгоградская,b
97,64,Ленинградскийпроспект,b
99С,1,Полиграфкомбинат,f
99С,2,Жилойкомплекс«Династия»,f
99С,3,ПроспектТолбухина,f
99С,4,ПлощадьТруда,f
99С,5,ПлощадьЮности,f
99С,6,Знаменскаябашня,f
99С,7,Краснаяплощадь,f
99С,8,Октябрьскаяплощадь,f
99С,9,УлицаДачная,f
99С,10,Школа№50,f
99С,11,УлицаЛинейная,f
99С,12,УлицаКрасноборская,f
99С,13,ПроспектМашиностроителей,f
99С,14,ПроездДоброхотова,f
99С,15,Кинотеатр«Аврора»,f
99С,16,УлицаСаукова,f
99С,17,УлицаПапанина,f
99С,18,Школа№48,f
99С,19,УлицаСахарова,f
99С,20,УлицаСахарова,b
99С,21,УлицаПапанина,b
99С,22,УлицаСаукова,b
99С,23,Кинотеатр«Аврора»,b
99С,24,ПроездДоброхотова,b
99С,25,ПроспектМашиностроителей,b
99С,26,УлицаКрасноборская,b
99С,27,УлицаЛинейная,b
99С,28,Школа№50,b
99С,29,УлицаДачная,b
99С,30,Октябрьскаяплощадь,b
99С,31,Краснаяплощадь,b
99С,32,ПлощадьВолкова,b
99С,33,Знаменскаябашня,b
99С,34,ПлощадьЮности,b
99С,35,ПлощадьТруда,b
99С,36,ПроспектТолбухина,b
99С,37,Жилойкомплекс«Династия»,b
99С,38,Полиграфкомбинат,b
1,1,Полиграфкомбинат,f
1,2,Жилойкомплекс«Династия»,f
1,3,ПроспектТолбухина,f
1,4,ПлощадьТруда,f
1,5,ПлощадьЮности,f
1,6,ПлощадьВолкова,f
1,7,Краснаяплощадь,f
1,8,Кинотеатр«Родина»,f
1,9,Доммоды,f
1,10,ПроспектЛенина,f
1,11,ПроспектЛенина,b
1,12,Кинотеатр«Родина»,b
1,13,Краснаяплощадь,b
1,14,Краснаяплощадь,b
1,15,ПлощадьВолкова,b
1,16,Знаменскаябашня,b
1,17,ПлощадьЮности,b
1,18,ПлощадьТруда,b
1,19,ПроспектТолбухина,b
1,20,Жилойкомплекс«Династия»,b
1,21,Полиграфкомбинат,b
2,1,Пельменная,f
2,2,ПроспектДзержинского,f
2,3,УлицаПионерская,f
2,4,УлицаУрицкого,f
2,5,Трамвайноедепо,f
2,6,ТЦ«Омега»,f
2,7,Торгово-развлекательныйкомплекс«РИО»,f
2,8,Лакокраска,f
2,9,ЗаводОпытныхмашин,f
2,10,ТК«Тандем»,f
2,11,Полимермаш,f
2,12,ТЭЦ-1,f
2,13,ЦНТИ,f
2,14,Завод«КрасныйМаяк»,b
2,15,ЦНТИ,b
2,16,ТЭЦ-1,b
2,17,Полимермаш,b
2,18,ТК«Тандем»,b
2,19,ЗаводОпытныхмашин,b
2,20,Лакокраска,b
2,21,Техуглерод,b
2,22,ТЦ«Омега»,b
2,23,Трамвайноедепо,b
2,24,УлицаЕленыКолесовой,b
2,25,УлицаУрицкого,b
2,26,УлицаПионерская,b
2,27,ПроспектДзержинского,b
2,28,Пельменная,b
3,1,Больница№9,f
3,2,Яблоневыйпосад,f
3,3,Мостоотряд,f
3,4,Поликлиника№5,f
3,5,Павловскийпарк,f
3,6,УлицаУрицкого,f
3,7,УлицаЕленыКолесовой,f
3,8,Областнаядетскаяклиническаябольница,f
3,9,Сельхозакадемия,f
3,10,ПарижскаяКоммуна,f
3,11,Техуглерод,f
3,12,Лакокраска,f
3,13,ЗаводОпытныхмашин,f
3,14,ТК«Тандем»,f
3,15,Полимермаш,f
3,16,ТЭЦ-1,f
3,17,Гостиница«Турист»,f
3,18,УлицаСоветская,f
3,19,УлицаВойнова,f
3,20,ПлощадьКарлаМаркса,f
3,21,Юбилейнаяплощадь,f
3,22,УлицаКудрявцева,f
3,23,Магазин«Турист»,f
3,24,Полиграфкомбинат,f
3,25,Полиграфкомбинат,b
3,26,Домобуви,b
3,27,УлицаКудрявцева,b
3,28,Юбилейнаяплощадь,b
3,29,ПлощадьКарлаМаркса,b
3,30,УлицаВойнова,b
3,31,УлицаСоветская,b
3,32,ЦНТИ,b
3,33,ТЭЦ-1,b
3,34,Полимермаш,b
3,35,ТК«Тандем»,b
3,36,ЗаводОпытныхмашин,b
3,37,Лакокраска,b
3,38,Техуглерод,b
3,39,ПарижскаяКоммуна,b
3,40,Сельхозакадемия,b
3,41,Областнаядетскаяклиническаябольница,b
3,42,УлицаЕленыКолесовой,b
3,43,УлицаУрицкого,b
3,44,ПавловскийпаркПоликлиника,b
3,45,№5,b
3,46,Мостоотряд,b
3,47,Яблоневыйпосад,b
3,48,Больница№9,b
3,49,12МКР,b
3К,1,Полиграфкомбинат,f
3К,2,Домобуви,f
3К,3,УлицаКудрявцева,f
3К,4,Юбилейнаяплощадь,f
3К,5,ПлощадьКарлаМаркса,f
3К,6,УлицаВойнова,f
3К,7,УлицаСоветская,f
3К,8,ЦНТИ,f
3К,9,ТЭЦ-1,f
3К,10,Полимермаш,f
3К,11,ТК«Тандем»,f
3К,12,ЗаводОпытныхмашин,f
3К,13,Лакокраска,f
3К,14,Техуглерод,f
3К,15,Лакокраска,b
3К,16,ЗаводОпытныхмашин,b
3К,17,ТК«Тандем»,b
3К,18,Полимермаш,b
3К,19,ТЭЦ-1,b
3К,20,Гостиница«Турист»,b
3К,21,УлицаСоветская,b
3К,22,УлицаВойнова,b
3К,23,ПлощадьКарлаМаркса,b
3К,24,Юбилейнаяплощадь,b
3К,25,УлицаКудрявцева,b
3К,26,Магазин«Турист»,b
3К,27,Полиграфкомбинат,b
4,1,Краснаяплощадь,f
4,2,УлицаРеспубликанская,f
4,3,УлицаПобеды,f
4,4,ПлощадьКарлаМаркса,f
4,5,Областнаяонкологическаябольница,f
4,6,ЯМЗ,f
4,7,НИИМСК,f
4,8,Лакокраска,f
4,9,Техуглерод,f
4,10,ПарижскаяКоммуна,f
4,11,Сельхозакадемия,f
4,12,Областнаядетскаяклиническаябольница,f
4,13,УлицаЕленыКолесовой,f
4,14,УлицаУрицкого,f
4,15,Павловскийпарк,f
4,16,Поликлиника№5,f
4,17,Мостоотряд,f
4,18,Яблоневыйпосад,f
4,19,Больница№9,f
4,20,12МКР,f
4,21,12МКР,b
4,22,Больница№9,b
4,23,Яблоневыйпосад,b
4,24,Мостоотряд,b
4,25,Поликлиника№5,b
4,26,Павловскийпарк,b
4,27,УлицаУрицкого,b
4,28,УлицаЕленыКолесовой,b
4,29,Областнаядетскаяклиническаябольница,b
4,30,Сельхозакадемия,b
4,31,ПарижскаяКоммуна,b
4,32,Техуглерод,b
4,33,Лакокраска,b
4,34,НИИМСК,b
4,35,ЯМЗ,b
4,36,Областнаяонкологическаябольница,b
4,37,ПлощадьКарлаМаркса,b
4,38,УлицаПобеды,b
4,39,УлицаРеспубликанская,b
4,40,Краснаяплощадь,b
4,41,ПлощадьВолкова,b
5,1,УлицаМайорова,f
5,2,УлицаМенделеева,f
5,3,Спорткомплекс«Атлант»,f
5,4,Больничныйгородок,f
5,5,Арена-2000,f
5,6,УлицаГагарина,f
5,7,Техническийуниверситет,f
5,8,Автовокзал,f
5,9,Московскийвокзал,f
5,10,Выемка,f
5,11,УлицаБольшаяФедоровская,f
5,12,Богоявленскаяплощадь,f
5,13,УлицаРеспубликанская,f
5,14,УлицаЧайковского,f
5,15,УлицаВолодарского,f
5,16,ПроспектТолбухина,f
5,17,УлицаЛисицына,f
5,18,УлицаГородскойВал,f
5,19,УлицаУхтомского,f
5,20,УлицаУхтомского,b
5,21,УлицаГородскойВал,b
5,22,УлицаЛисицына,b
5,23,ПроспектТолбухина,b
5,24,УлицаПобеды,b
5,25,УлицаЧайковского,b
5,26,Мукомольныйпереулок,b
5,27,Богоявленскаяплощадь,b
5,28,УлицаБольшаяФедоровская,b
5,29,Выемка,b
5,30,Московскийвокзал,b
5,31,ЖК«ЯрославльСити»,b
5,32,Автовокзал,b
5,33,Техническийуниверситет,b
5,34,УлицаГагарина,b
5,35,Больничныйгородок,b
5,36,Спорткомплекс«Атлант»,b
5,37,УлицаМенделеева,b
7,1,6МКР,f
7,2,УлицаПанина,f
7,3,ПроспектДзержинского,f
7,4,УлицаПионерская,f
7,5,УлицаУрицкого,f
7,6,Трамвайноедепо,f
7,7,ТЦ«Омега»,f
7,8,Торгово-развлекательныйкомплекс«РИО»,f
7,9,Лакокраска,f
7,10,ЗаводОпытныхмашин,f
7,11,ТК«Тандем»,f
7,12,Полимермаш,f
7,13,ТЭЦ-1,f
7,14,ЦНТИ,f
7,15,Завод«КрасныйМаяк»,b
7,16,ЦНТИ,b
7,17,ТЭЦ-1,b
7,18,Полимермаш,b
7,19,ТК«Тандем»,b
7,20,ЗаводОпытныхмашин,b
7,21,Лакокраска,b
7,22,Техуглерод,b
7,23,ТЦ«Омега»,b
7,24,Трамвайноедепо,b
7,25,УлицаЕленыКолесовой,b
7,26,УлицаУрицкого,b
7,27,УлицаПионерская,b
7,28,ПроспектДзержинского,b
7,29,УлицаПанина,b
7,30,6МКР,b
8,1,6МКР,f
8,2,УлицаПанина,f
8,3,ПроспектДзержинского,f
8,4,УлицаПионерская,f
8,5,УлицаУрицкого,f
8,6,Трамвайноедепо,f
8,7,ТЦ«Омега»,f
8,8,Торгово-развлекательныйкомплекс«РИО»,f
8,9,Лакокраска,f
8,10,НИИМСК,f
8,11,ЯМЗ,f
8,12,Областнаяонкологическаябольница,f
8,13,ПлощадьКарлаМаркса,f
8,14,УлицаПобеды,f
8,15,УлицаРеспубликанская,f
8,16,Краснаяплощадь,f
8,17,ПлощадьВолкова,f
8,18,Торговыйпереулок,f
8,19,Краснаяплощадь,b
8,20,УлицаРеспубликанская,b
8,21,УлицаПобеды,b
8,22,ПлощадьКарлаМаркса,b
8,23,Областнаяонкологическаябольница,b
8,24,ЯМЗ,b
8,25,НИИМСК,b
8,26,Лакокраска,b
8,27,Техуглерод,b
8,28,ТЦ«Омега»,b
8,29,Трамвайноедепо,b
8,30,УлицаЕленыКолесовой,b
8,31,УлицаУрицкого,b
8,32,УлицаПионерская,b
8,33,ПроспектДзержинского,b
8,34,УлицаПанина,b
8,35,6МКР,b
9,1,УлицаСлепнева,f
9,2,Арена-2000,f
9,3,Техническийуниверситет,f
9,4,Автовокзал,f
9,5,Московскийвокзал,f
9,6,Выемка,f
9,7,УлицаБольшаяФедоровская,f
9,8,УлицаПервомайская,f
9,9,Краснаяплощадь,f
9,10,Кинотеатр«Родина»,f
9,11,Доммоды,f
9,12,ПроспектЛенина,f
9,13,ПроспектЛенина,b
9,14,Кинотеатр«Родина»,b
9,15,Краснаяплощадь,b
9,16,ПлощадьВолкова,b
9,17,УлицаКомсомольская,b
9,18,УлицаБольшаяФедоровская,b
9,19,Выемка,b
9,20,Московскийвокзал,b
9,21,ЖК«ЯрославльСити»,b
9,22,Автовокзал,b
9,23,Техническийуниверситет,b
9,24,Арена-2000,b
9,25,УлицаПавлова,b
1,1,ПлощадьКарлаМаркса,f
1,2,БольницаимениСоловьева,f
1,3,УлицаЧехова,f
1,4,УлицаБелинского,f
1,5,УлицаЖукова,f
1,6,УлицаДобрынина,f
1,7,УлицаЮности,f
1,8,УлицаЮности,b
1,9,УлицаДобрынина,b
1,10,УлицаЖукова,b
1,11,УлицаБелинского,b
1,12,УлицаЧехова,b
1,13,БольницаимениСоловьева,b
1,14,ПлощадьКарлаМаркса,b
5,1,УлицаЮности,f
5,2,УлицаДобрынина,f
5,3,УлицаЖукова,f
5,4,УлицаБелинского,f
5,5,УлицаЧехова,f
5,6,Областнаяонкологическаябольница,f
5,7,ЯМЗ,f
5,8,НИИМСК,f
5,9,Лакокраска,f
5,10,Торгово-развлекательныйкомплекс«РИО»,f
5,11,ТЦ«Омега»,f
5,12,Трамвайноедепо,f
5,13,УлицаЕленыКолесовой,f
5,14,УлицаУрицкого,f
5,15,ПроспектДзержинского,f
5,16,УлицаПанина,f
5,17,Кинотеатр«Победа»,f
5,18,11МКР,f
5,19,УлицаВолгоградская,f
5,20,Ленинградскийпроспект,f
5,21,14МКР,f
5,22,14МКР,b
5,23,Ленинградскийпроспект,b
5,24,УлицаВолгоградская,b
5,25,11МКР,b
5,26,Кинотеатр«Победа»,b
5,27,УлицаПанина,b
5,28,ПроспектДзержинского,b
5,29,УлицаУрицкого,b
5,30,УлицаЕленыКолесовой,b
5,31,Трамвайноедепо,b
5,32,ТЦ«Омега»,b
5,33,Торгово-развлекательныйкомплекс«РИО»,b
5,34,Лакокраска,b
5,35,НИИМСК,b
5,36,ЯМЗ,b
5,37,Областнаяонкологическаябольница,b
5,38,УлицаЧехова,b
5,39,УлицаБелинского,b
5,40,УлицаЖукова,b
5,41,УлицаДобрынина,b
5,42,УлицаЮности,b
6,1,УлицаЮности,f
6,2,УлицаДобрынина,f
6,3,УлицаЖукова,f
6,4,УлицаБелинского,f
6,5,УлицаЧехова,f
6,6,Областнаяонкологическаябольница,f
6,7,ЯМЗ,f
6,8,НИИМСК,f
6,9,Лакокраска,f
6,10,Торгово-развлекательныйкомплекс«РИО»,f
6,11,ТЦ«Омега»,f
6,12,Областнаядетскаяклиническаябольница,f
6,13,УлицаЕленыКолесовой,f
6,14,Жилойкомплекс«Октябрь»,f
6,15,Школа№26,f
6,16,Школа№26,b
6,17,Жилойкомплекс«Октябрь»,b
6,18,УлицаЕленыКолесовой,b
6,19,Областнаядетскаяклиническаябольница,b
6,20,ТЦ«Омега»,b
6,21,Торгово-развлекательныйкомплекс«РИО»,b
6,22,Лакокраска,b
6,23,НИИМСК,b
6,24,ЯМЗ,b
6,25,Областнаяонкологическаябольница,b
6,26,УлицаЧехова,b
6,27,УлицаБелинского,b
6,28,УлицаЖукова,b
6,29,УлицаДобрынина,b
6,30,УлицаЮности,b
7,1,ПлощадьКарлаМаркса,f
7,2,БольницаимениСоловьева,f
7,3,Областнаяонкологическаябольница,f
7,4,ЯМЗ,f
7,5,НИИМСК,f
7,6,Лакокраска,f
7,7,Торгово-развлекательныйкомплекс«РИО»,f
7,8,ТЦ«Омега»,f
7,9,Трамвайноедепо,f
7,10,УлицаЕленыКолесовой,f
7,11,УлицаУрицкого,f
7,12,ПроспектДзержинского,f
7,13,УлицаПанина,f
7,14,Кинотеатр«Победа»,f
7,15,11МКР,f
7,16,11МКР,b
7,17,Кинотеатр«Победа»,b
7,18,УлицаПанина,b
7,19,ПроспектДзержинского,b
7,20,УлицаУрицкого,b
7,21,УлицаЕленыКолесовой,b
7,22,Трамвайноедепо,b
7,23,ТЦ«Омега»,b
7,24,Торгово-развлекательныйкомплекс«РИО»,b
7,25,Лакокраска,b
7,26,НИИМСК,b
7,27,ЯМЗ,b
7,28,Областнаяонкологическаябольница,b
7,29,БольницаимениСоловьева,b
7,30,ПлощадьКарлаМаркса,b
9,1,Школа№26,f
9,2,Жилойкомплекс«Октябрь»,f
9,3,УлицаЕленыКолесовой,f
9,4,Областнаядетскаяклиническаябольница,f
9,5,ТЦ«Омега»,f
9,6,Торгово-развлекательныйкомплекс«РИО»,f
9,7,Лакокраска,f
9,8,НИИМСК,f
9,9,ЯМЗ,f
9,10,Областнаяонкологическаябольница,f
9,11,БольницаимениСоловьева,f
9,12,ПлощадьКарлаМаркса,f
9,13,УлицаЧехова,f
9,14,УлицаБелинского,f
9,15,УлицаЖукова,f
9,16,УлицаДобрынина,f
9,17,УлицаЮности,f
9,18,ПлощадьКарлаМаркса,b
9,19,БольницаимениСоловьева,b
9,20,Областнаяонкологическаябольница,b
9,21,ЯМЗ,b
9,22,НИИМСК,b
9,23,Лакокраска,b
9,24,Торгово-развлекательныйкомплекс«РИО»,b
9,25,ТЦ«Омега»,b
9,26,Областнаядетскаяклиническаябольница,b
9,27,УлицаЕленыКолесовой,b
9,28,Жилойкомплекс«Октябрь»,b
9,29,Школа№26,b
